DROP SEQUENCE MENU_ID_SEQ;
DROP SEQUENCE MENU_OD_ID_SEQ;
-----------------------------------------------------------------
--CREATE SEQUENCE--



CREATE SEQUENCE MENU_OD_ID_SEQ
INCREMENT BY 1
START WITH 1
MAXVALUE 999999
NOCYCLE
NOCACHE;

--CHEF--
INSERT INTO CHEF (CHEF_ID,CHEF_AREA,CHEF_STATUS,CHEF_CHANNEL,CHEF_RESUME)
VALUES ('C00002','0','b1','WWW.YOUTUBE.COM','外表看起來樂觀開朗，對料理充滿熱情。一路走來的心得，沒有別的技巧，就是要有「熱情」用心去學習、研究，用對料理的熱情去了解及滿足不同顧客的需求和感受。擅長將各式異國料理融入西餐中，呈現出有別於一般的西餐料理，為了滿足顧客不同的需求，致力投入於研發新菜色中，從不放過任何學習的機會，希望能夠讓顧客感受到她的巧思與用心。
');
INSERT INTO CHEF (CHEF_ID,CHEF_AREA,CHEF_STATUS,CHEF_CHANNEL,CHEF_RESUME)
VALUES ('C00004','1','b1','WWW.YOUTUBE.COM','16歲起即立志成為專業料理人，入行23年來，抱持著以料理傳遞幸福感動之信念，誠摯獻上端出每一道佳餚。對自我要求極高，先後於台北喜來登大飯店、台北西華飯店、台北華國大飯店等國際飯店歷練多年，深得廣東菜系之精華。潛心鑽研北投酒家菜特色料理。鑑於現代社會飲食習慣變革與料理無國界化發展，捨棄過往奢華闊氣排場，擷取酒家菜底蘊精華，以料理本心、食材真味，打造新一代酒家菜風華樣貌，並於去年開創茶油養生系列料理。 ');
INSERT INTO CHEF (CHEF_ID,CHEF_AREA,CHEF_STATUS,CHEF_CHANNEL,CHEF_RESUME)
VALUES ('C00006','2','b1','WWW.YOUTUBE.COM','他的家鄉法國馬賽以海鮮美食和其它特產而聞名，他從小在地中海美味佳肴的氛圍中長大。他的廚師生涯始於在法國Les Baux-de-Provence的米其林二星級餐廳Oustau de Baumanière 擔任廚房總管一職。那裡異常嚴格的管理制度，磨練了他對烹飪細節的高度專注，以及追求完美、精益求精的態度。他領悟到，唯有如此，才能創造出世界一流的頂級美膳。');
INSERT INTO CHEF (CHEF_ID,CHEF_AREA,CHEF_STATUS,CHEF_CHANNEL,CHEF_RESUME)
VALUES ('C00008','3','b1','WWW.YOUTUBE.COM','從18歲開始，進入料理的領域。 在自家以及東京都內著名的日本料理店，用心學習廚藝。 以往，曾經在東京銀座、鎌倉的日本料理店，擔任料理長。 為了挑戰海外的工作，也曾經在埃及設立了當地唯一的正統日本料理店。 如今，轉移至亞洲的舞台，迎接更多的挑戰。');
INSERT INTO CHEF (CHEF_ID,CHEF_AREA,CHEF_STATUS,CHEF_CHANNEL,CHEF_RESUME)
VALUES ('C00010','0','b1','WWW.YOUTUBE.COM','出生於台灣，12歲移居加拿大，
一位專攻藝術創作和藝術史的大學畢業生，
因為對廚藝的熱愛，而放下鉛筆，畫筆，
在家人無條件的支持下，
選擇了離開住了11年的家，朋友，和美麗的Victoria。
拖著簡單的行囊到巴黎。
等待她的並不是電影裡浪漫的異國豔遇,
也不是光鮮亮麗的的精品服飾。
每天面對的是廚房裡兵荒馬亂的場景,
身著統一的雪白廚師制服。
由於非本科出身，需要比他人更認真和努力學習。
深信語言為文化基礎，
繼續Institut Catholique de Paris 進修法文，
歷史，政治，飲食發展... 等課程。 
求學過程中發現光是瞭解廚藝技巧並無法滿足好奇心，
因為對飲食的熱愛，決定加深對飲食文化的認識，
繼續進修，鑽研和食物相關的各種研究。');
INSERT INTO CHEF (CHEF_ID,CHEF_AREA,CHEF_STATUS,CHEF_CHANNEL,CHEF_RESUME)
VALUES ('C00012','1','b1','WWW.YOUTUBE.COM','握刀切菜、大火快炒，手腳利落且勁道十足，三兩下功夫，一道菜就輕輕鬆鬆端上桌，「行家一出手」，架勢果然不同凡響。在中餐料理界小有名號，從17歲就入行學廚，因而練就一身真功夫好手藝，，就算再辛苦再忙累，只要看著客人們吃得開心、賓主盡歡，就是他人生最幸福快樂的事。');
INSERT INTO CHEF (CHEF_ID,CHEF_AREA,CHEF_STATUS,CHEF_CHANNEL,CHEF_RESUME)
VALUES ('C00014','2','b1','WWW.YOUTUBE.COM','赴澳洲雪梨就讀藍帶餐飲管理學院
並融入當地餐飲集團，五星級觀光酒店與餐廳。
發現料理帶有魔力，是發生在雪梨的某個晚上。
極度忙碌的餐廳裡，客人詢問是否能在盤子邊緣寫上”Happy Birthday”
當餐點送上，全場的歡聲雷動，讓他深深體會到「料理真的具有帶給人快樂的魔力。」
回到台灣，來到COOKY卡提諾廚房，透過一支支料理教學影片
希望讓更多人懂得享受料理的簡單、快樂。
而現在，他要邀請大家來到他的餐桌前，面對面的感受他的料理魔力。');
INSERT INTO CHEF (CHEF_ID,CHEF_AREA,CHEF_STATUS,CHEF_CHANNEL,CHEF_RESUME)
VALUES ('C00016','3','b1','WWW.YOUTUBE.COM','13歲開始學廚，從泰國當地餐廳師傅、至曼谷當地飯店擔任副主廚，
2000年至台灣擔任知名泰式餐廳主廚。
來台6年說著一口流利中文，有著泰國人熱情爽朗的個性，
總是露出真誠笑容回應，喜歡客人直接稱他「阿明」，
18年的廚藝經驗，主廚李明仁將其對美食的熱愛及想法，
充份發揮在每一道佳餚上，設計出許多傳統及具創新的菜色。');
INSERT INTO CHEF (CHEF_ID,CHEF_AREA,CHEF_STATUS,CHEF_CHANNEL,CHEF_RESUME)
VALUES ('C00018','0','b1','WWW.YOUTUBE.COM','年輕主廚在墨爾本（Melbourne）西班牙聖塞巴斯提安（San Sebastian）風味酒吧初試身手即令人留下深刻印象。依照西班牙傳統，提供全天供餐服務，在夜晚開懷暢飲西班牙葡萄酒及品嚐西班牙火腿和香煎和牛佐醃菜等大餐之前，可以先來點三文治、小蛋糕及咖啡作為前菜。');
INSERT INTO CHEF (CHEF_ID,CHEF_AREA,CHEF_STATUS,CHEF_CHANNEL,CHEF_RESUME)
VALUES ('C00020','1','b1','WWW.YOUTUBE.COM','這位畢業於 Tetsuya 與 St John 的年輕主廚近年來已轉換事業軌道，從摩天大樓的高檔餐廳主廚，搖身一變為城郊的主廚。她設計的菜單廣泛運用來自周遭地區的農畜產品。');
INSERT INTO CHEF (CHEF_ID,CHEF_AREA,CHEF_STATUS,CHEF_CHANNEL,CHEF_RESUME)
VALUES ('C00022','2','b1','WWW.YOUTUBE.COM','他看似簡單隨意的料理風格其實是以嚴謹扎實的技巧為基礎，並且他還充分運用想像力將當地生產的食材細心化為一道道的美食。其中包括著名的油封羊腩佐鯷魚和菊苣，以及水煮魚片佐乾橄欖和礦工生菜。');
INSERT INTO CHEF (CHEF_ID,CHEF_AREA,CHEF_STATUS,CHEF_CHANNEL,CHEF_RESUME)
VALUES ('C00024','0','b1','WWW.YOUTUBE.COM','曾在阿得萊德（Adelaide）的牧師住宅（The Manse）餐廳工作四年的這位年輕主廚，現在親自耕種及採收食材，開設了一家以帶有些許實驗精神的料理為特色的餐廳，並廣受好評。');
INSERT INTO CHEF (CHEF_ID,CHEF_AREA,CHEF_STATUS,CHEF_CHANNEL,CHEF_RESUME)
VALUES ('C00026','0','b1','WWW.YOUTUBE.COM','Billy Kwong 的前主廚，其以 1980 年代兒童生日派對美食（例如香濃杏仁羊排）為靈感所創作的料理是該店的特色之一。從食材選擇到吃法，他們完全依照自己的喜好和心情製作料理，但這些料理卻充滿了無窮的魅力，並成為這家餐廳在本區維持人氣不墜的重要因素。 ');


-----------------------------------------------------------------
--CHEF_SCH--
INSERT INTO CHEF_SCH (CHEF_ID,CHEF_SCH_DATE,CHEF_SCH_STATUS)
VALUES ('C00002',TO_DATE('2019-4-08','YYYY-MM-DD'),'c0');
INSERT INTO CHEF_SCH (CHEF_ID,CHEF_SCH_DATE,CHEF_SCH_STATUS)
VALUES ('C00002',TO_DATE('2019-4-09','YYYY-MM-DD'),'c0');
INSERT INTO CHEF_SCH (CHEF_ID,CHEF_SCH_DATE,CHEF_SCH_STATUS)
VALUES ('C00002',TO_DATE('2019-4-10','YYYY-MM-DD'),'c0');
INSERT INTO CHEF_SCH (CHEF_ID,CHEF_SCH_DATE,CHEF_SCH_STATUS)
VALUES ('C00002',TO_DATE('2019-4-11','YYYY-MM-DD'),'c0');
INSERT INTO CHEF_SCH (CHEF_ID,CHEF_SCH_DATE,CHEF_SCH_STATUS)
VALUES ('C00002',TO_DATE('2019-4-12','YYYY-MM-DD'),'c1');
INSERT INTO CHEF_SCH (CHEF_ID,CHEF_SCH_DATE,CHEF_SCH_STATUS)
VALUES ('C00002',TO_DATE('2019-4-13','YYYY-MM-DD'),'c0');
INSERT INTO CHEF_SCH (CHEF_ID,CHEF_SCH_DATE,CHEF_SCH_STATUS)
VALUES ('C00002',TO_DATE('2019-4-14','YYYY-MM-DD'),'c0');
INSERT INTO CHEF_SCH (CHEF_ID,CHEF_SCH_DATE,CHEF_SCH_STATUS)
VALUES ('C00002',TO_DATE('2019-4-15','YYYY-MM-DD'),'c0');
INSERT INTO CHEF_SCH (CHEF_ID,CHEF_SCH_DATE,CHEF_SCH_STATUS)
VALUES ('C00002',TO_DATE('2019-4-17','YYYY-MM-DD'),'c0');
INSERT INTO CHEF_SCH (CHEF_ID,CHEF_SCH_DATE,CHEF_SCH_STATUS)
VALUES ('C00002',TO_DATE('2019-4-18','YYYY-MM-DD'),'c0');
INSERT INTO CHEF_SCH (CHEF_ID,CHEF_SCH_DATE,CHEF_SCH_STATUS)
VALUES ('C00002',TO_DATE('2019-4-19','YYYY-MM-DD'),'c0');
INSERT INTO CHEF_SCH (CHEF_ID,CHEF_SCH_DATE,CHEF_SCH_STATUS)
VALUES ('C00002',TO_DATE('2019-4-20','YYYY-MM-DD'),'c1');
INSERT INTO CHEF_SCH (CHEF_ID,CHEF_SCH_DATE,CHEF_SCH_STATUS)
VALUES ('C00002',TO_DATE('2019-4-21','YYYY-MM-DD'),'c0');
INSERT INTO CHEF_SCH (CHEF_ID,CHEF_SCH_DATE,CHEF_SCH_STATUS)
VALUES ('C00002',TO_DATE('2019-4-22','YYYY-MM-DD'),'c0');
INSERT INTO CHEF_SCH (CHEF_ID,CHEF_SCH_DATE,CHEF_SCH_STATUS)
VALUES ('C00002',TO_DATE('2019-4-23','YYYY-MM-DD'),'c0');
INSERT INTO CHEF_SCH (CHEF_ID,CHEF_SCH_DATE,CHEF_SCH_STATUS)
VALUES ('C00002',TO_DATE('2019-4-24','YYYY-MM-DD'),'c0');
INSERT INTO CHEF_SCH (CHEF_ID,CHEF_SCH_DATE,CHEF_SCH_STATUS)
VALUES ('C00002',TO_DATE('2019-4-25','YYYY-MM-DD'),'c0');
INSERT INTO CHEF_SCH (CHEF_ID,CHEF_SCH_DATE,CHEF_SCH_STATUS)
VALUES ('C00002',TO_DATE('2019-4-26','YYYY-MM-DD'),'c0');
INSERT INTO CHEF_SCH (CHEF_ID,CHEF_SCH_DATE,CHEF_SCH_STATUS)
VALUES ('C00002',TO_DATE('2019-4-27','YYYY-MM-DD'),'c0');
INSERT INTO CHEF_SCH (CHEF_ID,CHEF_SCH_DATE,CHEF_SCH_STATUS)
VALUES ('C00002',TO_DATE('2019-4-28','YYYY-MM-DD'),'c1');

INSERT INTO CHEF_SCH (CHEF_ID,CHEF_SCH_DATE,CHEF_SCH_STATUS)
VALUES ('C00004',TO_DATE('2019-4-08','YYYY-MM-DD'),'c0');
INSERT INTO CHEF_SCH (CHEF_ID,CHEF_SCH_DATE,CHEF_SCH_STATUS)
VALUES ('C00004',TO_DATE('2019-4-09','YYYY-MM-DD'),'c0');
INSERT INTO CHEF_SCH (CHEF_ID,CHEF_SCH_DATE,CHEF_SCH_STATUS)
VALUES ('C00004',TO_DATE('2019-4-10','YYYY-MM-DD'),'c0');
INSERT INTO CHEF_SCH (CHEF_ID,CHEF_SCH_DATE,CHEF_SCH_STATUS)
VALUES ('C00004',TO_DATE('2019-4-11','YYYY-MM-DD'),'c0');
INSERT INTO CHEF_SCH (CHEF_ID,CHEF_SCH_DATE,CHEF_SCH_STATUS)
VALUES ('C00004',TO_DATE('2019-4-12','YYYY-MM-DD'),'c0');
INSERT INTO CHEF_SCH (CHEF_ID,CHEF_SCH_DATE,CHEF_SCH_STATUS)
VALUES ('C00004',TO_DATE('2019-4-13','YYYY-MM-DD'),'c1');
INSERT INTO CHEF_SCH (CHEF_ID,CHEF_SCH_DATE,CHEF_SCH_STATUS)
VALUES ('C00004',TO_DATE('2019-4-14','YYYY-MM-DD'),'c0');
INSERT INTO CHEF_SCH (CHEF_ID,CHEF_SCH_DATE,CHEF_SCH_STATUS)
VALUES ('C00004',TO_DATE('2019-4-15','YYYY-MM-DD'),'c0');
INSERT INTO CHEF_SCH (CHEF_ID,CHEF_SCH_DATE,CHEF_SCH_STATUS)
VALUES ('C00004',TO_DATE('2019-4-17','YYYY-MM-DD'),'c0');
INSERT INTO CHEF_SCH (CHEF_ID,CHEF_SCH_DATE,CHEF_SCH_STATUS)
VALUES ('C00004',TO_DATE('2019-4-18','YYYY-MM-DD'),'c0');
INSERT INTO CHEF_SCH (CHEF_ID,CHEF_SCH_DATE,CHEF_SCH_STATUS)
VALUES ('C00004',TO_DATE('2019-4-19','YYYY-MM-DD'),'c0');
INSERT INTO CHEF_SCH (CHEF_ID,CHEF_SCH_DATE,CHEF_SCH_STATUS)
VALUES ('C00004',TO_DATE('2019-4-20','YYYY-MM-DD'),'c1');
INSERT INTO CHEF_SCH (CHEF_ID,CHEF_SCH_DATE,CHEF_SCH_STATUS)
VALUES ('C00004',TO_DATE('2019-4-21','YYYY-MM-DD'),'c0');
INSERT INTO CHEF_SCH (CHEF_ID,CHEF_SCH_DATE,CHEF_SCH_STATUS)
VALUES ('C00004',TO_DATE('2019-4-22','YYYY-MM-DD'),'c0');
INSERT INTO CHEF_SCH (CHEF_ID,CHEF_SCH_DATE,CHEF_SCH_STATUS)
VALUES ('C00004',TO_DATE('2019-4-23','YYYY-MM-DD'),'c0');
INSERT INTO CHEF_SCH (CHEF_ID,CHEF_SCH_DATE,CHEF_SCH_STATUS)
VALUES ('C00004',TO_DATE('2019-4-24','YYYY-MM-DD'),'c0');
INSERT INTO CHEF_SCH (CHEF_ID,CHEF_SCH_DATE,CHEF_SCH_STATUS)
VALUES ('C00004',TO_DATE('2019-4-25','YYYY-MM-DD'),'c0');
INSERT INTO CHEF_SCH (CHEF_ID,CHEF_SCH_DATE,CHEF_SCH_STATUS)
VALUES ('C00004',TO_DATE('2019-4-26','YYYY-MM-DD'),'c1');
INSERT INTO CHEF_SCH (CHEF_ID,CHEF_SCH_DATE,CHEF_SCH_STATUS)
VALUES ('C00004',TO_DATE('2019-4-27','YYYY-MM-DD'),'c0');
INSERT INTO CHEF_SCH (CHEF_ID,CHEF_SCH_DATE,CHEF_SCH_STATUS)
VALUES ('C00004',TO_DATE('2019-4-28','YYYY-MM-DD'),'c0');

INSERT INTO CHEF_SCH (CHEF_ID,CHEF_SCH_DATE,CHEF_SCH_STATUS)
VALUES ('C00006',TO_DATE('2019-4-08','YYYY-MM-DD'),'c0');
INSERT INTO CHEF_SCH (CHEF_ID,CHEF_SCH_DATE,CHEF_SCH_STATUS)
VALUES ('C00006',TO_DATE('2019-4-09','YYYY-MM-DD'),'c0');
INSERT INTO CHEF_SCH (CHEF_ID,CHEF_SCH_DATE,CHEF_SCH_STATUS)
VALUES ('C00006',TO_DATE('2019-4-10','YYYY-MM-DD'),'c1');
INSERT INTO CHEF_SCH (CHEF_ID,CHEF_SCH_DATE,CHEF_SCH_STATUS)
VALUES ('C00006',TO_DATE('2019-4-11','YYYY-MM-DD'),'c0');
INSERT INTO CHEF_SCH (CHEF_ID,CHEF_SCH_DATE,CHEF_SCH_STATUS)
VALUES ('C00006',TO_DATE('2019-4-12','YYYY-MM-DD'),'c0');
INSERT INTO CHEF_SCH (CHEF_ID,CHEF_SCH_DATE,CHEF_SCH_STATUS)
VALUES ('C00006',TO_DATE('2019-4-13','YYYY-MM-DD'),'c0');
INSERT INTO CHEF_SCH (CHEF_ID,CHEF_SCH_DATE,CHEF_SCH_STATUS)
VALUES ('C00006',TO_DATE('2019-4-14','YYYY-MM-DD'),'c0');
INSERT INTO CHEF_SCH (CHEF_ID,CHEF_SCH_DATE,CHEF_SCH_STATUS)
VALUES ('C00006',TO_DATE('2019-4-15','YYYY-MM-DD'),'c1');
INSERT INTO CHEF_SCH (CHEF_ID,CHEF_SCH_DATE,CHEF_SCH_STATUS)
VALUES ('C00006',TO_DATE('2019-4-17','YYYY-MM-DD'),'c0');
INSERT INTO CHEF_SCH (CHEF_ID,CHEF_SCH_DATE,CHEF_SCH_STATUS)
VALUES ('C00006',TO_DATE('2019-4-18','YYYY-MM-DD'),'c0');
INSERT INTO CHEF_SCH (CHEF_ID,CHEF_SCH_DATE,CHEF_SCH_STATUS)
VALUES ('C00006',TO_DATE('2019-4-19','YYYY-MM-DD'),'c0');
INSERT INTO CHEF_SCH (CHEF_ID,CHEF_SCH_DATE,CHEF_SCH_STATUS)
VALUES ('C00006',TO_DATE('2019-4-20','YYYY-MM-DD'),'c0');
INSERT INTO CHEF_SCH (CHEF_ID,CHEF_SCH_DATE,CHEF_SCH_STATUS)
VALUES ('C00006',TO_DATE('2019-4-21','YYYY-MM-DD'),'c0');
INSERT INTO CHEF_SCH (CHEF_ID,CHEF_SCH_DATE,CHEF_SCH_STATUS)
VALUES ('C00006',TO_DATE('2019-4-22','YYYY-MM-DD'),'c0');
INSERT INTO CHEF_SCH (CHEF_ID,CHEF_SCH_DATE,CHEF_SCH_STATUS)
VALUES ('C00006',TO_DATE('2019-4-23','YYYY-MM-DD'),'c1');
INSERT INTO CHEF_SCH (CHEF_ID,CHEF_SCH_DATE,CHEF_SCH_STATUS)
VALUES ('C00006',TO_DATE('2019-4-24','YYYY-MM-DD'),'c0');
INSERT INTO CHEF_SCH (CHEF_ID,CHEF_SCH_DATE,CHEF_SCH_STATUS)
VALUES ('C00006',TO_DATE('2019-4-25','YYYY-MM-DD'),'c0');
INSERT INTO CHEF_SCH (CHEF_ID,CHEF_SCH_DATE,CHEF_SCH_STATUS)
VALUES ('C00006',TO_DATE('2019-4-26','YYYY-MM-DD'),'c0');
INSERT INTO CHEF_SCH (CHEF_ID,CHEF_SCH_DATE,CHEF_SCH_STATUS)
VALUES ('C00006',TO_DATE('2019-4-27','YYYY-MM-DD'),'c0');
INSERT INTO CHEF_SCH (CHEF_ID,CHEF_SCH_DATE,CHEF_SCH_STATUS)
VALUES ('C00006',TO_DATE('2019-4-28','YYYY-MM-DD'),'c1');

INSERT INTO CHEF_SCH (CHEF_ID,CHEF_SCH_DATE,CHEF_SCH_STATUS)
VALUES ('C00008',TO_DATE('2019-4-08','YYYY-MM-DD'),'c0');
INSERT INTO CHEF_SCH (CHEF_ID,CHEF_SCH_DATE,CHEF_SCH_STATUS)
VALUES ('C00008',TO_DATE('2019-4-09','YYYY-MM-DD'),'c0');
INSERT INTO CHEF_SCH (CHEF_ID,CHEF_SCH_DATE,CHEF_SCH_STATUS)
VALUES ('C00008',TO_DATE('2019-4-10','YYYY-MM-DD'),'c0');
INSERT INTO CHEF_SCH (CHEF_ID,CHEF_SCH_DATE,CHEF_SCH_STATUS)
VALUES ('C00008',TO_DATE('2019-4-11','YYYY-MM-DD'),'c0');
INSERT INTO CHEF_SCH (CHEF_ID,CHEF_SCH_DATE,CHEF_SCH_STATUS)
VALUES ('C00008',TO_DATE('2019-4-12','YYYY-MM-DD'),'c1');
INSERT INTO CHEF_SCH (CHEF_ID,CHEF_SCH_DATE,CHEF_SCH_STATUS)
VALUES ('C00008',TO_DATE('2019-4-13','YYYY-MM-DD'),'c0');
INSERT INTO CHEF_SCH (CHEF_ID,CHEF_SCH_DATE,CHEF_SCH_STATUS)
VALUES ('C00008',TO_DATE('2019-4-14','YYYY-MM-DD'),'c0');
INSERT INTO CHEF_SCH (CHEF_ID,CHEF_SCH_DATE,CHEF_SCH_STATUS)
VALUES ('C00008',TO_DATE('2019-4-15','YYYY-MM-DD'),'c0');
INSERT INTO CHEF_SCH (CHEF_ID,CHEF_SCH_DATE,CHEF_SCH_STATUS)
VALUES ('C00008',TO_DATE('2019-4-17','YYYY-MM-DD'),'c0');
INSERT INTO CHEF_SCH (CHEF_ID,CHEF_SCH_DATE,CHEF_SCH_STATUS)
VALUES ('C00008',TO_DATE('2019-4-18','YYYY-MM-DD'),'c0');
INSERT INTO CHEF_SCH (CHEF_ID,CHEF_SCH_DATE,CHEF_SCH_STATUS)
VALUES ('C00008',TO_DATE('2019-4-19','YYYY-MM-DD'),'c1');
INSERT INTO CHEF_SCH (CHEF_ID,CHEF_SCH_DATE,CHEF_SCH_STATUS)
VALUES ('C00008',TO_DATE('2019-4-20','YYYY-MM-DD'),'c0');
INSERT INTO CHEF_SCH (CHEF_ID,CHEF_SCH_DATE,CHEF_SCH_STATUS)
VALUES ('C00008',TO_DATE('2019-4-21','YYYY-MM-DD'),'c0');
INSERT INTO CHEF_SCH (CHEF_ID,CHEF_SCH_DATE,CHEF_SCH_STATUS)
VALUES ('C00008',TO_DATE('2019-4-22','YYYY-MM-DD'),'c0');
INSERT INTO CHEF_SCH (CHEF_ID,CHEF_SCH_DATE,CHEF_SCH_STATUS)
VALUES ('C00008',TO_DATE('2019-4-23','YYYY-MM-DD'),'c0');
INSERT INTO CHEF_SCH (CHEF_ID,CHEF_SCH_DATE,CHEF_SCH_STATUS)
VALUES ('C00008',TO_DATE('2019-4-24','YYYY-MM-DD'),'c0');
INSERT INTO CHEF_SCH (CHEF_ID,CHEF_SCH_DATE,CHEF_SCH_STATUS)
VALUES ('C00008',TO_DATE('2019-4-25','YYYY-MM-DD'),'c1');
INSERT INTO CHEF_SCH (CHEF_ID,CHEF_SCH_DATE,CHEF_SCH_STATUS)
VALUES ('C00008',TO_DATE('2019-4-26','YYYY-MM-DD'),'c0');
INSERT INTO CHEF_SCH (CHEF_ID,CHEF_SCH_DATE,CHEF_SCH_STATUS)
VALUES ('C00008',TO_DATE('2019-4-27','YYYY-MM-DD'),'c0');
INSERT INTO CHEF_SCH (CHEF_ID,CHEF_SCH_DATE,CHEF_SCH_STATUS)
VALUES ('C00008',TO_DATE('2019-4-28','YYYY-MM-DD'),'c0');

INSERT INTO CHEF_SCH (CHEF_ID,CHEF_SCH_DATE,CHEF_SCH_STATUS)
VALUES ('C00010',TO_DATE('2019-4-08','YYYY-MM-DD'),'c0');
INSERT INTO CHEF_SCH (CHEF_ID,CHEF_SCH_DATE,CHEF_SCH_STATUS)
VALUES ('C00010',TO_DATE('2019-4-09','YYYY-MM-DD'),'c1');
INSERT INTO CHEF_SCH (CHEF_ID,CHEF_SCH_DATE,CHEF_SCH_STATUS)
VALUES ('C00010',TO_DATE('2019-4-10','YYYY-MM-DD'),'c0');
INSERT INTO CHEF_SCH (CHEF_ID,CHEF_SCH_DATE,CHEF_SCH_STATUS)
VALUES ('C00010',TO_DATE('2019-4-11','YYYY-MM-DD'),'c0');
INSERT INTO CHEF_SCH (CHEF_ID,CHEF_SCH_DATE,CHEF_SCH_STATUS)
VALUES ('C00010',TO_DATE('2019-4-12','YYYY-MM-DD'),'c0');
INSERT INTO CHEF_SCH (CHEF_ID,CHEF_SCH_DATE,CHEF_SCH_STATUS)
VALUES ('C00010',TO_DATE('2019-4-13','YYYY-MM-DD'),'c0');
INSERT INTO CHEF_SCH (CHEF_ID,CHEF_SCH_DATE,CHEF_SCH_STATUS)
VALUES ('C00010',TO_DATE('2019-4-14','YYYY-MM-DD'),'c0');
INSERT INTO CHEF_SCH (CHEF_ID,CHEF_SCH_DATE,CHEF_SCH_STATUS)
VALUES ('C00010',TO_DATE('2019-4-15','YYYY-MM-DD'),'c0');
INSERT INTO CHEF_SCH (CHEF_ID,CHEF_SCH_DATE,CHEF_SCH_STATUS)
VALUES ('C00010',TO_DATE('2019-4-17','YYYY-MM-DD'),'c0');
INSERT INTO CHEF_SCH (CHEF_ID,CHEF_SCH_DATE,CHEF_SCH_STATUS)
VALUES ('C00010',TO_DATE('2019-4-18','YYYY-MM-DD'),'c1');
INSERT INTO CHEF_SCH (CHEF_ID,CHEF_SCH_DATE,CHEF_SCH_STATUS)
VALUES ('C00010',TO_DATE('2019-4-19','YYYY-MM-DD'),'c0');
INSERT INTO CHEF_SCH (CHEF_ID,CHEF_SCH_DATE,CHEF_SCH_STATUS)
VALUES ('C00010',TO_DATE('2019-4-20','YYYY-MM-DD'),'c0');
INSERT INTO CHEF_SCH (CHEF_ID,CHEF_SCH_DATE,CHEF_SCH_STATUS)
VALUES ('C00010',TO_DATE('2019-4-21','YYYY-MM-DD'),'c0');
INSERT INTO CHEF_SCH (CHEF_ID,CHEF_SCH_DATE,CHEF_SCH_STATUS)
VALUES ('C00010',TO_DATE('2019-4-22','YYYY-MM-DD'),'c0');
INSERT INTO CHEF_SCH (CHEF_ID,CHEF_SCH_DATE,CHEF_SCH_STATUS)
VALUES ('C00010',TO_DATE('2019-4-23','YYYY-MM-DD'),'c0');
INSERT INTO CHEF_SCH (CHEF_ID,CHEF_SCH_DATE,CHEF_SCH_STATUS)
VALUES ('C00010',TO_DATE('2019-4-24','YYYY-MM-DD'),'c0');
INSERT INTO CHEF_SCH (CHEF_ID,CHEF_SCH_DATE,CHEF_SCH_STATUS)
VALUES ('C00010',TO_DATE('2019-4-25','YYYY-MM-DD'),'c0');
INSERT INTO CHEF_SCH (CHEF_ID,CHEF_SCH_DATE,CHEF_SCH_STATUS)
VALUES ('C00010',TO_DATE('2019-4-26','YYYY-MM-DD'),'c1');
INSERT INTO CHEF_SCH (CHEF_ID,CHEF_SCH_DATE,CHEF_SCH_STATUS)
VALUES ('C00010',TO_DATE('2019-4-27','YYYY-MM-DD'),'c0');
INSERT INTO CHEF_SCH (CHEF_ID,CHEF_SCH_DATE,CHEF_SCH_STATUS)
VALUES ('C00010',TO_DATE('2019-4-28','YYYY-MM-DD'),'c0');

INSERT INTO CHEF_SCH (CHEF_ID,CHEF_SCH_DATE,CHEF_SCH_STATUS)
VALUES ('C00012',TO_DATE('2019-4-08','YYYY-MM-DD'),'c0');
INSERT INTO CHEF_SCH (CHEF_ID,CHEF_SCH_DATE,CHEF_SCH_STATUS)
VALUES ('C00012',TO_DATE('2019-4-09','YYYY-MM-DD'),'c0');
INSERT INTO CHEF_SCH (CHEF_ID,CHEF_SCH_DATE,CHEF_SCH_STATUS)
VALUES ('C00012',TO_DATE('2019-4-10','YYYY-MM-DD'),'c0');
INSERT INTO CHEF_SCH (CHEF_ID,CHEF_SCH_DATE,CHEF_SCH_STATUS)
VALUES ('C00012',TO_DATE('2019-4-11','YYYY-MM-DD'),'c0');
INSERT INTO CHEF_SCH (CHEF_ID,CHEF_SCH_DATE,CHEF_SCH_STATUS)
VALUES ('C00012',TO_DATE('2019-4-12','YYYY-MM-DD'),'c1');
INSERT INTO CHEF_SCH (CHEF_ID,CHEF_SCH_DATE,CHEF_SCH_STATUS)
VALUES ('C00012',TO_DATE('2019-4-13','YYYY-MM-DD'),'c0');
INSERT INTO CHEF_SCH (CHEF_ID,CHEF_SCH_DATE,CHEF_SCH_STATUS)
VALUES ('C00012',TO_DATE('2019-4-14','YYYY-MM-DD'),'c0');
INSERT INTO CHEF_SCH (CHEF_ID,CHEF_SCH_DATE,CHEF_SCH_STATUS)
VALUES ('C00012',TO_DATE('2019-4-15','YYYY-MM-DD'),'c0');
INSERT INTO CHEF_SCH (CHEF_ID,CHEF_SCH_DATE,CHEF_SCH_STATUS)
VALUES ('C00012',TO_DATE('2019-4-17','YYYY-MM-DD'),'c0');
INSERT INTO CHEF_SCH (CHEF_ID,CHEF_SCH_DATE,CHEF_SCH_STATUS)
VALUES ('C00012',TO_DATE('2019-4-18','YYYY-MM-DD'),'c0');
INSERT INTO CHEF_SCH (CHEF_ID,CHEF_SCH_DATE,CHEF_SCH_STATUS)
VALUES ('C00012',TO_DATE('2019-4-19','YYYY-MM-DD'),'c0');
INSERT INTO CHEF_SCH (CHEF_ID,CHEF_SCH_DATE,CHEF_SCH_STATUS)
VALUES ('C00012',TO_DATE('2019-4-20','YYYY-MM-DD'),'c1');
INSERT INTO CHEF_SCH (CHEF_ID,CHEF_SCH_DATE,CHEF_SCH_STATUS)
VALUES ('C00012',TO_DATE('2019-4-21','YYYY-MM-DD'),'c0');
INSERT INTO CHEF_SCH (CHEF_ID,CHEF_SCH_DATE,CHEF_SCH_STATUS)
VALUES ('C00012',TO_DATE('2019-4-22','YYYY-MM-DD'),'c0');
INSERT INTO CHEF_SCH (CHEF_ID,CHEF_SCH_DATE,CHEF_SCH_STATUS)
VALUES ('C00012',TO_DATE('2019-4-23','YYYY-MM-DD'),'c0');
INSERT INTO CHEF_SCH (CHEF_ID,CHEF_SCH_DATE,CHEF_SCH_STATUS)
VALUES ('C00012',TO_DATE('2019-4-24','YYYY-MM-DD'),'c0');
INSERT INTO CHEF_SCH (CHEF_ID,CHEF_SCH_DATE,CHEF_SCH_STATUS)
VALUES ('C00012',TO_DATE('2019-4-25','YYYY-MM-DD'),'c0');
INSERT INTO CHEF_SCH (CHEF_ID,CHEF_SCH_DATE,CHEF_SCH_STATUS)
VALUES ('C00012',TO_DATE('2019-4-26','YYYY-MM-DD'),'c0');
INSERT INTO CHEF_SCH (CHEF_ID,CHEF_SCH_DATE,CHEF_SCH_STATUS)
VALUES ('C00012',TO_DATE('2019-4-27','YYYY-MM-DD'),'c1');
INSERT INTO CHEF_SCH (CHEF_ID,CHEF_SCH_DATE,CHEF_SCH_STATUS)
VALUES ('C00012',TO_DATE('2019-4-28','YYYY-MM-DD'),'c0');

INSERT INTO CHEF_SCH (CHEF_ID,CHEF_SCH_DATE,CHEF_SCH_STATUS)
VALUES ('C00014',TO_DATE('2019-4-08','YYYY-MM-DD'),'c0');
INSERT INTO CHEF_SCH (CHEF_ID,CHEF_SCH_DATE,CHEF_SCH_STATUS)
VALUES ('C00014',TO_DATE('2019-4-09','YYYY-MM-DD'),'c0');
INSERT INTO CHEF_SCH (CHEF_ID,CHEF_SCH_DATE,CHEF_SCH_STATUS)
VALUES ('C00014',TO_DATE('2019-4-10','YYYY-MM-DD'),'c0');
INSERT INTO CHEF_SCH (CHEF_ID,CHEF_SCH_DATE,CHEF_SCH_STATUS)
VALUES ('C00014',TO_DATE('2019-4-11','YYYY-MM-DD'),'c0');
INSERT INTO CHEF_SCH (CHEF_ID,CHEF_SCH_DATE,CHEF_SCH_STATUS)
VALUES ('C00014',TO_DATE('2019-4-12','YYYY-MM-DD'),'c0');
INSERT INTO CHEF_SCH (CHEF_ID,CHEF_SCH_DATE,CHEF_SCH_STATUS)
VALUES ('C00014',TO_DATE('2019-4-13','YYYY-MM-DD'),'c1');
INSERT INTO CHEF_SCH (CHEF_ID,CHEF_SCH_DATE,CHEF_SCH_STATUS)
VALUES ('C00014',TO_DATE('2019-4-14','YYYY-MM-DD'),'c0');
INSERT INTO CHEF_SCH (CHEF_ID,CHEF_SCH_DATE,CHEF_SCH_STATUS)
VALUES ('C00014',TO_DATE('2019-4-15','YYYY-MM-DD'),'c0');
INSERT INTO CHEF_SCH (CHEF_ID,CHEF_SCH_DATE,CHEF_SCH_STATUS)
VALUES ('C00014',TO_DATE('2019-4-17','YYYY-MM-DD'),'c0');
INSERT INTO CHEF_SCH (CHEF_ID,CHEF_SCH_DATE,CHEF_SCH_STATUS)
VALUES ('C00014',TO_DATE('2019-4-18','YYYY-MM-DD'),'c0');
INSERT INTO CHEF_SCH (CHEF_ID,CHEF_SCH_DATE,CHEF_SCH_STATUS)
VALUES ('C00014',TO_DATE('2019-4-19','YYYY-MM-DD'),'c0');
INSERT INTO CHEF_SCH (CHEF_ID,CHEF_SCH_DATE,CHEF_SCH_STATUS)
VALUES ('C00014',TO_DATE('2019-4-20','YYYY-MM-DD'),'c0');
INSERT INTO CHEF_SCH (CHEF_ID,CHEF_SCH_DATE,CHEF_SCH_STATUS)
VALUES ('C00014',TO_DATE('2019-4-21','YYYY-MM-DD'),'c0');
INSERT INTO CHEF_SCH (CHEF_ID,CHEF_SCH_DATE,CHEF_SCH_STATUS)
VALUES ('C00014',TO_DATE('2019-4-22','YYYY-MM-DD'),'c1');
INSERT INTO CHEF_SCH (CHEF_ID,CHEF_SCH_DATE,CHEF_SCH_STATUS)
VALUES ('C00014',TO_DATE('2019-4-23','YYYY-MM-DD'),'c0');
INSERT INTO CHEF_SCH (CHEF_ID,CHEF_SCH_DATE,CHEF_SCH_STATUS)
VALUES ('C00014',TO_DATE('2019-4-24','YYYY-MM-DD'),'c0');
INSERT INTO CHEF_SCH (CHEF_ID,CHEF_SCH_DATE,CHEF_SCH_STATUS)
VALUES ('C00014',TO_DATE('2019-4-25','YYYY-MM-DD'),'c0');
INSERT INTO CHEF_SCH (CHEF_ID,CHEF_SCH_DATE,CHEF_SCH_STATUS)
VALUES ('C00014',TO_DATE('2019-4-26','YYYY-MM-DD'),'c0');
INSERT INTO CHEF_SCH (CHEF_ID,CHEF_SCH_DATE,CHEF_SCH_STATUS)
VALUES ('C00014',TO_DATE('2019-4-27','YYYY-MM-DD'),'c0');
INSERT INTO CHEF_SCH (CHEF_ID,CHEF_SCH_DATE,CHEF_SCH_STATUS)
VALUES ('C00014',TO_DATE('2019-4-28','YYYY-MM-DD'),'c0');

INSERT INTO CHEF_SCH (CHEF_ID,CHEF_SCH_DATE,CHEF_SCH_STATUS)
VALUES ('C00016',TO_DATE('2019-4-08','YYYY-MM-DD'),'c0');
INSERT INTO CHEF_SCH (CHEF_ID,CHEF_SCH_DATE,CHEF_SCH_STATUS)
VALUES ('C00016',TO_DATE('2019-4-09','YYYY-MM-DD'),'c1');
INSERT INTO CHEF_SCH (CHEF_ID,CHEF_SCH_DATE,CHEF_SCH_STATUS)
VALUES ('C00016',TO_DATE('2019-4-10','YYYY-MM-DD'),'c0');
INSERT INTO CHEF_SCH (CHEF_ID,CHEF_SCH_DATE,CHEF_SCH_STATUS)
VALUES ('C00016',TO_DATE('2019-4-11','YYYY-MM-DD'),'c0');
INSERT INTO CHEF_SCH (CHEF_ID,CHEF_SCH_DATE,CHEF_SCH_STATUS)
VALUES ('C00016',TO_DATE('2019-4-12','YYYY-MM-DD'),'c0');
INSERT INTO CHEF_SCH (CHEF_ID,CHEF_SCH_DATE,CHEF_SCH_STATUS)
VALUES ('C00016',TO_DATE('2019-4-13','YYYY-MM-DD'),'c0');
INSERT INTO CHEF_SCH (CHEF_ID,CHEF_SCH_DATE,CHEF_SCH_STATUS)
VALUES ('C00016',TO_DATE('2019-4-14','YYYY-MM-DD'),'c0');
INSERT INTO CHEF_SCH (CHEF_ID,CHEF_SCH_DATE,CHEF_SCH_STATUS)
VALUES ('C00016',TO_DATE('2019-4-15','YYYY-MM-DD'),'c0');
INSERT INTO CHEF_SCH (CHEF_ID,CHEF_SCH_DATE,CHEF_SCH_STATUS)
VALUES ('C00016',TO_DATE('2019-4-17','YYYY-MM-DD'),'c0');
INSERT INTO CHEF_SCH (CHEF_ID,CHEF_SCH_DATE,CHEF_SCH_STATUS)
VALUES ('C00016',TO_DATE('2019-4-18','YYYY-MM-DD'),'c0');
INSERT INTO CHEF_SCH (CHEF_ID,CHEF_SCH_DATE,CHEF_SCH_STATUS)
VALUES ('C00016',TO_DATE('2019-4-19','YYYY-MM-DD'),'c1');
INSERT INTO CHEF_SCH (CHEF_ID,CHEF_SCH_DATE,CHEF_SCH_STATUS)
VALUES ('C00016',TO_DATE('2019-4-20','YYYY-MM-DD'),'c0');
INSERT INTO CHEF_SCH (CHEF_ID,CHEF_SCH_DATE,CHEF_SCH_STATUS)
VALUES ('C00016',TO_DATE('2019-4-21','YYYY-MM-DD'),'c0');
INSERT INTO CHEF_SCH (CHEF_ID,CHEF_SCH_DATE,CHEF_SCH_STATUS)
VALUES ('C00016',TO_DATE('2019-4-22','YYYY-MM-DD'),'c0');
INSERT INTO CHEF_SCH (CHEF_ID,CHEF_SCH_DATE,CHEF_SCH_STATUS)
VALUES ('C00016',TO_DATE('2019-4-23','YYYY-MM-DD'),'c0');
INSERT INTO CHEF_SCH (CHEF_ID,CHEF_SCH_DATE,CHEF_SCH_STATUS)
VALUES ('C00016',TO_DATE('2019-4-24','YYYY-MM-DD'),'c0');
INSERT INTO CHEF_SCH (CHEF_ID,CHEF_SCH_DATE,CHEF_SCH_STATUS)
VALUES ('C00016',TO_DATE('2019-4-25','YYYY-MM-DD'),'c0');
INSERT INTO CHEF_SCH (CHEF_ID,CHEF_SCH_DATE,CHEF_SCH_STATUS)
VALUES ('C00016',TO_DATE('2019-4-26','YYYY-MM-DD'),'c0');
INSERT INTO CHEF_SCH (CHEF_ID,CHEF_SCH_DATE,CHEF_SCH_STATUS)
VALUES ('C00016',TO_DATE('2019-4-27','YYYY-MM-DD'),'c1');
INSERT INTO CHEF_SCH (CHEF_ID,CHEF_SCH_DATE,CHEF_SCH_STATUS)
VALUES ('C00016',TO_DATE('2019-4-28','YYYY-MM-DD'),'c0');

INSERT INTO CHEF_SCH (CHEF_ID,CHEF_SCH_DATE,CHEF_SCH_STATUS)
VALUES ('C00018',TO_DATE('2019-4-08','YYYY-MM-DD'),'c0');
INSERT INTO CHEF_SCH (CHEF_ID,CHEF_SCH_DATE,CHEF_SCH_STATUS)
VALUES ('C00018',TO_DATE('2019-4-09','YYYY-MM-DD'),'c0');
INSERT INTO CHEF_SCH (CHEF_ID,CHEF_SCH_DATE,CHEF_SCH_STATUS)
VALUES ('C00018',TO_DATE('2019-4-10','YYYY-MM-DD'),'c0');
INSERT INTO CHEF_SCH (CHEF_ID,CHEF_SCH_DATE,CHEF_SCH_STATUS)
VALUES ('C00018',TO_DATE('2019-4-11','YYYY-MM-DD'),'c0');
INSERT INTO CHEF_SCH (CHEF_ID,CHEF_SCH_DATE,CHEF_SCH_STATUS)
VALUES ('C00018',TO_DATE('2019-4-12','YYYY-MM-DD'),'c0');
INSERT INTO CHEF_SCH (CHEF_ID,CHEF_SCH_DATE,CHEF_SCH_STATUS)
VALUES ('C00018',TO_DATE('2019-4-13','YYYY-MM-DD'),'c0');
INSERT INTO CHEF_SCH (CHEF_ID,CHEF_SCH_DATE,CHEF_SCH_STATUS)
VALUES ('C00018',TO_DATE('2019-4-14','YYYY-MM-DD'),'c1');
INSERT INTO CHEF_SCH (CHEF_ID,CHEF_SCH_DATE,CHEF_SCH_STATUS)
VALUES ('C00018',TO_DATE('2019-4-15','YYYY-MM-DD'),'c0');
INSERT INTO CHEF_SCH (CHEF_ID,CHEF_SCH_DATE,CHEF_SCH_STATUS)
VALUES ('C00018',TO_DATE('2019-4-17','YYYY-MM-DD'),'c0');
INSERT INTO CHEF_SCH (CHEF_ID,CHEF_SCH_DATE,CHEF_SCH_STATUS)
VALUES ('C00018',TO_DATE('2019-4-18','YYYY-MM-DD'),'c0');
INSERT INTO CHEF_SCH (CHEF_ID,CHEF_SCH_DATE,CHEF_SCH_STATUS)
VALUES ('C00018',TO_DATE('2019-4-19','YYYY-MM-DD'),'c0');
INSERT INTO CHEF_SCH (CHEF_ID,CHEF_SCH_DATE,CHEF_SCH_STATUS)
VALUES ('C00018',TO_DATE('2019-4-20','YYYY-MM-DD'),'c0');
INSERT INTO CHEF_SCH (CHEF_ID,CHEF_SCH_DATE,CHEF_SCH_STATUS)
VALUES ('C00018',TO_DATE('2019-4-21','YYYY-MM-DD'),'c0');
INSERT INTO CHEF_SCH (CHEF_ID,CHEF_SCH_DATE,CHEF_SCH_STATUS)
VALUES ('C00018',TO_DATE('2019-4-22','YYYY-MM-DD'),'c1');
INSERT INTO CHEF_SCH (CHEF_ID,CHEF_SCH_DATE,CHEF_SCH_STATUS)
VALUES ('C00018',TO_DATE('2019-4-23','YYYY-MM-DD'),'c0');
INSERT INTO CHEF_SCH (CHEF_ID,CHEF_SCH_DATE,CHEF_SCH_STATUS)
VALUES ('C00018',TO_DATE('2019-4-24','YYYY-MM-DD'),'c0');
INSERT INTO CHEF_SCH (CHEF_ID,CHEF_SCH_DATE,CHEF_SCH_STATUS)
VALUES ('C00018',TO_DATE('2019-4-25','YYYY-MM-DD'),'c0');
INSERT INTO CHEF_SCH (CHEF_ID,CHEF_SCH_DATE,CHEF_SCH_STATUS)
VALUES ('C00018',TO_DATE('2019-4-26','YYYY-MM-DD'),'c0');
INSERT INTO CHEF_SCH (CHEF_ID,CHEF_SCH_DATE,CHEF_SCH_STATUS)
VALUES ('C00018',TO_DATE('2019-4-27','YYYY-MM-DD'),'c0');
INSERT INTO CHEF_SCH (CHEF_ID,CHEF_SCH_DATE,CHEF_SCH_STATUS)
VALUES ('C00018',TO_DATE('2019-4-28','YYYY-MM-DD'),'c0');

INSERT INTO CHEF_SCH (CHEF_ID,CHEF_SCH_DATE,CHEF_SCH_STATUS)
VALUES ('C00020',TO_DATE('2019-4-08','YYYY-MM-DD'),'c1');
INSERT INTO CHEF_SCH (CHEF_ID,CHEF_SCH_DATE,CHEF_SCH_STATUS)
VALUES ('C00020',TO_DATE('2019-4-09','YYYY-MM-DD'),'c0');
INSERT INTO CHEF_SCH (CHEF_ID,CHEF_SCH_DATE,CHEF_SCH_STATUS)
VALUES ('C00020',TO_DATE('2019-4-10','YYYY-MM-DD'),'c0');
INSERT INTO CHEF_SCH (CHEF_ID,CHEF_SCH_DATE,CHEF_SCH_STATUS)
VALUES ('C00020',TO_DATE('2019-4-11','YYYY-MM-DD'),'c0');
INSERT INTO CHEF_SCH (CHEF_ID,CHEF_SCH_DATE,CHEF_SCH_STATUS)
VALUES ('C00020',TO_DATE('2019-4-12','YYYY-MM-DD'),'c0');
INSERT INTO CHEF_SCH (CHEF_ID,CHEF_SCH_DATE,CHEF_SCH_STATUS)
VALUES ('C00020',TO_DATE('2019-4-13','YYYY-MM-DD'),'c0');
INSERT INTO CHEF_SCH (CHEF_ID,CHEF_SCH_DATE,CHEF_SCH_STATUS)
VALUES ('C00020',TO_DATE('2019-4-14','YYYY-MM-DD'),'c0');
INSERT INTO CHEF_SCH (CHEF_ID,CHEF_SCH_DATE,CHEF_SCH_STATUS)
VALUES ('C00020',TO_DATE('2019-4-15','YYYY-MM-DD'),'c1');
INSERT INTO CHEF_SCH (CHEF_ID,CHEF_SCH_DATE,CHEF_SCH_STATUS)
VALUES ('C00020',TO_DATE('2019-4-17','YYYY-MM-DD'),'c0');
INSERT INTO CHEF_SCH (CHEF_ID,CHEF_SCH_DATE,CHEF_SCH_STATUS)
VALUES ('C00020',TO_DATE('2019-4-18','YYYY-MM-DD'),'c0');
INSERT INTO CHEF_SCH (CHEF_ID,CHEF_SCH_DATE,CHEF_SCH_STATUS)
VALUES ('C00020',TO_DATE('2019-4-19','YYYY-MM-DD'),'c0');
INSERT INTO CHEF_SCH (CHEF_ID,CHEF_SCH_DATE,CHEF_SCH_STATUS)
VALUES ('C00020',TO_DATE('2019-4-20','YYYY-MM-DD'),'c0');
INSERT INTO CHEF_SCH (CHEF_ID,CHEF_SCH_DATE,CHEF_SCH_STATUS)
VALUES ('C00020',TO_DATE('2019-4-21','YYYY-MM-DD'),'c0');
INSERT INTO CHEF_SCH (CHEF_ID,CHEF_SCH_DATE,CHEF_SCH_STATUS)
VALUES ('C00020',TO_DATE('2019-4-22','YYYY-MM-DD'),'c0');
INSERT INTO CHEF_SCH (CHEF_ID,CHEF_SCH_DATE,CHEF_SCH_STATUS)
VALUES ('C00020',TO_DATE('2019-4-23','YYYY-MM-DD'),'c1');
INSERT INTO CHEF_SCH (CHEF_ID,CHEF_SCH_DATE,CHEF_SCH_STATUS)
VALUES ('C00020',TO_DATE('2019-4-24','YYYY-MM-DD'),'c0');
INSERT INTO CHEF_SCH (CHEF_ID,CHEF_SCH_DATE,CHEF_SCH_STATUS)
VALUES ('C00020',TO_DATE('2019-4-25','YYYY-MM-DD'),'c0');
INSERT INTO CHEF_SCH (CHEF_ID,CHEF_SCH_DATE,CHEF_SCH_STATUS)
VALUES ('C00020',TO_DATE('2019-4-26','YYYY-MM-DD'),'c0');
INSERT INTO CHEF_SCH (CHEF_ID,CHEF_SCH_DATE,CHEF_SCH_STATUS)
VALUES ('C00020',TO_DATE('2019-4-27','YYYY-MM-DD'),'c0');
INSERT INTO CHEF_SCH (CHEF_ID,CHEF_SCH_DATE,CHEF_SCH_STATUS)
VALUES ('C00020',TO_DATE('2019-4-28','YYYY-MM-DD'),'c0');

INSERT INTO CHEF_SCH (CHEF_ID,CHEF_SCH_DATE,CHEF_SCH_STATUS)
VALUES ('C00022',TO_DATE('2019-4-08','YYYY-MM-DD'),'c0');
INSERT INTO CHEF_SCH (CHEF_ID,CHEF_SCH_DATE,CHEF_SCH_STATUS)
VALUES ('C00022',TO_DATE('2019-4-09','YYYY-MM-DD'),'c0');
INSERT INTO CHEF_SCH (CHEF_ID,CHEF_SCH_DATE,CHEF_SCH_STATUS)
VALUES ('C00022',TO_DATE('2019-4-10','YYYY-MM-DD'),'c0');
INSERT INTO CHEF_SCH (CHEF_ID,CHEF_SCH_DATE,CHEF_SCH_STATUS)
VALUES ('C00022',TO_DATE('2019-4-11','YYYY-MM-DD'),'c1');
INSERT INTO CHEF_SCH (CHEF_ID,CHEF_SCH_DATE,CHEF_SCH_STATUS)
VALUES ('C00022',TO_DATE('2019-4-12','YYYY-MM-DD'),'c0');
INSERT INTO CHEF_SCH (CHEF_ID,CHEF_SCH_DATE,CHEF_SCH_STATUS)
VALUES ('C00022',TO_DATE('2019-4-13','YYYY-MM-DD'),'c0');
INSERT INTO CHEF_SCH (CHEF_ID,CHEF_SCH_DATE,CHEF_SCH_STATUS)
VALUES ('C00022',TO_DATE('2019-4-14','YYYY-MM-DD'),'c0');
INSERT INTO CHEF_SCH (CHEF_ID,CHEF_SCH_DATE,CHEF_SCH_STATUS)
VALUES ('C00022',TO_DATE('2019-4-15','YYYY-MM-DD'),'c0');
INSERT INTO CHEF_SCH (CHEF_ID,CHEF_SCH_DATE,CHEF_SCH_STATUS)
VALUES ('C00022',TO_DATE('2019-4-17','YYYY-MM-DD'),'c0');
INSERT INTO CHEF_SCH (CHEF_ID,CHEF_SCH_DATE,CHEF_SCH_STATUS)
VALUES ('C00022',TO_DATE('2019-4-18','YYYY-MM-DD'),'c0');
INSERT INTO CHEF_SCH (CHEF_ID,CHEF_SCH_DATE,CHEF_SCH_STATUS)
VALUES ('C00022',TO_DATE('2019-4-19','YYYY-MM-DD'),'c1');
INSERT INTO CHEF_SCH (CHEF_ID,CHEF_SCH_DATE,CHEF_SCH_STATUS)
VALUES ('C00022',TO_DATE('2019-4-20','YYYY-MM-DD'),'c0');
INSERT INTO CHEF_SCH (CHEF_ID,CHEF_SCH_DATE,CHEF_SCH_STATUS)
VALUES ('C00022',TO_DATE('2019-4-21','YYYY-MM-DD'),'c0');
INSERT INTO CHEF_SCH (CHEF_ID,CHEF_SCH_DATE,CHEF_SCH_STATUS)
VALUES ('C00022',TO_DATE('2019-4-22','YYYY-MM-DD'),'c0');
INSERT INTO CHEF_SCH (CHEF_ID,CHEF_SCH_DATE,CHEF_SCH_STATUS)
VALUES ('C00022',TO_DATE('2019-4-23','YYYY-MM-DD'),'c0');
INSERT INTO CHEF_SCH (CHEF_ID,CHEF_SCH_DATE,CHEF_SCH_STATUS)
VALUES ('C00022',TO_DATE('2019-4-24','YYYY-MM-DD'),'c0');
INSERT INTO CHEF_SCH (CHEF_ID,CHEF_SCH_DATE,CHEF_SCH_STATUS)
VALUES ('C00022',TO_DATE('2019-4-25','YYYY-MM-DD'),'c1');
INSERT INTO CHEF_SCH (CHEF_ID,CHEF_SCH_DATE,CHEF_SCH_STATUS)
VALUES ('C00022',TO_DATE('2019-4-26','YYYY-MM-DD'),'c0');
INSERT INTO CHEF_SCH (CHEF_ID,CHEF_SCH_DATE,CHEF_SCH_STATUS)
VALUES ('C00022',TO_DATE('2019-4-27','YYYY-MM-DD'),'c0');
INSERT INTO CHEF_SCH (CHEF_ID,CHEF_SCH_DATE,CHEF_SCH_STATUS)
VALUES ('C00022',TO_DATE('2019-4-28','YYYY-MM-DD'),'c0');

INSERT INTO CHEF_SCH (CHEF_ID,CHEF_SCH_DATE,CHEF_SCH_STATUS)
VALUES ('C00024',TO_DATE('2019-4-08','YYYY-MM-DD'),'c0');
INSERT INTO CHEF_SCH (CHEF_ID,CHEF_SCH_DATE,CHEF_SCH_STATUS)
VALUES ('C00024',TO_DATE('2019-4-09','YYYY-MM-DD'),'c0');
INSERT INTO CHEF_SCH (CHEF_ID,CHEF_SCH_DATE,CHEF_SCH_STATUS)
VALUES ('C00024',TO_DATE('2019-4-10','YYYY-MM-DD'),'c0');
INSERT INTO CHEF_SCH (CHEF_ID,CHEF_SCH_DATE,CHEF_SCH_STATUS)
VALUES ('C00024',TO_DATE('2019-4-11','YYYY-MM-DD'),'c1');
INSERT INTO CHEF_SCH (CHEF_ID,CHEF_SCH_DATE,CHEF_SCH_STATUS)
VALUES ('C00024',TO_DATE('2019-4-12','YYYY-MM-DD'),'c0');
INSERT INTO CHEF_SCH (CHEF_ID,CHEF_SCH_DATE,CHEF_SCH_STATUS)
VALUES ('C00024',TO_DATE('2019-4-13','YYYY-MM-DD'),'c0');
INSERT INTO CHEF_SCH (CHEF_ID,CHEF_SCH_DATE,CHEF_SCH_STATUS)
VALUES ('C00024',TO_DATE('2019-4-14','YYYY-MM-DD'),'c0');
INSERT INTO CHEF_SCH (CHEF_ID,CHEF_SCH_DATE,CHEF_SCH_STATUS)
VALUES ('C00024',TO_DATE('2019-4-15','YYYY-MM-DD'),'c0');
INSERT INTO CHEF_SCH (CHEF_ID,CHEF_SCH_DATE,CHEF_SCH_STATUS)
VALUES ('C00024',TO_DATE('2019-4-17','YYYY-MM-DD'),'c0');
INSERT INTO CHEF_SCH (CHEF_ID,CHEF_SCH_DATE,CHEF_SCH_STATUS)
VALUES ('C00024',TO_DATE('2019-4-18','YYYY-MM-DD'),'c0');
INSERT INTO CHEF_SCH (CHEF_ID,CHEF_SCH_DATE,CHEF_SCH_STATUS)
VALUES ('C00024',TO_DATE('2019-4-19','YYYY-MM-DD'),'c1');
INSERT INTO CHEF_SCH (CHEF_ID,CHEF_SCH_DATE,CHEF_SCH_STATUS)
VALUES ('C00024',TO_DATE('2019-4-20','YYYY-MM-DD'),'c0');
INSERT INTO CHEF_SCH (CHEF_ID,CHEF_SCH_DATE,CHEF_SCH_STATUS)
VALUES ('C00024',TO_DATE('2019-4-21','YYYY-MM-DD'),'c0');
INSERT INTO CHEF_SCH (CHEF_ID,CHEF_SCH_DATE,CHEF_SCH_STATUS)
VALUES ('C00024',TO_DATE('2019-4-22','YYYY-MM-DD'),'c0');
INSERT INTO CHEF_SCH (CHEF_ID,CHEF_SCH_DATE,CHEF_SCH_STATUS)
VALUES ('C00024',TO_DATE('2019-4-23','YYYY-MM-DD'),'c0');
INSERT INTO CHEF_SCH (CHEF_ID,CHEF_SCH_DATE,CHEF_SCH_STATUS)
VALUES ('C00024',TO_DATE('2019-4-24','YYYY-MM-DD'),'c0');
INSERT INTO CHEF_SCH (CHEF_ID,CHEF_SCH_DATE,CHEF_SCH_STATUS)
VALUES ('C00024',TO_DATE('2019-4-25','YYYY-MM-DD'),'c0');
INSERT INTO CHEF_SCH (CHEF_ID,CHEF_SCH_DATE,CHEF_SCH_STATUS)
VALUES ('C00024',TO_DATE('2019-4-26','YYYY-MM-DD'),'c0');
INSERT INTO CHEF_SCH (CHEF_ID,CHEF_SCH_DATE,CHEF_SCH_STATUS)
VALUES ('C00024',TO_DATE('2019-4-27','YYYY-MM-DD'),'c1');
INSERT INTO CHEF_SCH (CHEF_ID,CHEF_SCH_DATE,CHEF_SCH_STATUS)
VALUES ('C00024',TO_DATE('2019-4-28','YYYY-MM-DD'),'c0');

INSERT INTO CHEF_SCH (CHEF_ID,CHEF_SCH_DATE,CHEF_SCH_STATUS)
VALUES ('C00026',TO_DATE('2019-4-08','YYYY-MM-DD'),'c0');
INSERT INTO CHEF_SCH (CHEF_ID,CHEF_SCH_DATE,CHEF_SCH_STATUS)
VALUES ('C00026',TO_DATE('2019-4-09','YYYY-MM-DD'),'c0');
INSERT INTO CHEF_SCH (CHEF_ID,CHEF_SCH_DATE,CHEF_SCH_STATUS)
VALUES ('C00026',TO_DATE('2019-4-10','YYYY-MM-DD'),'c0');
INSERT INTO CHEF_SCH (CHEF_ID,CHEF_SCH_DATE,CHEF_SCH_STATUS)
VALUES ('C00026',TO_DATE('2019-4-11','YYYY-MM-DD'),'c0');
INSERT INTO CHEF_SCH (CHEF_ID,CHEF_SCH_DATE,CHEF_SCH_STATUS)
VALUES ('C00026',TO_DATE('2019-4-12','YYYY-MM-DD'),'c0');
INSERT INTO CHEF_SCH (CHEF_ID,CHEF_SCH_DATE,CHEF_SCH_STATUS)
VALUES ('C00026',TO_DATE('2019-4-13','YYYY-MM-DD'),'c0');
INSERT INTO CHEF_SCH (CHEF_ID,CHEF_SCH_DATE,CHEF_SCH_STATUS)
VALUES ('C00026',TO_DATE('2019-4-14','YYYY-MM-DD'),'c1');
INSERT INTO CHEF_SCH (CHEF_ID,CHEF_SCH_DATE,CHEF_SCH_STATUS)
VALUES ('C00026',TO_DATE('2019-4-15','YYYY-MM-DD'),'c0');
INSERT INTO CHEF_SCH (CHEF_ID,CHEF_SCH_DATE,CHEF_SCH_STATUS)
VALUES ('C00026',TO_DATE('2019-4-17','YYYY-MM-DD'),'c0');
INSERT INTO CHEF_SCH (CHEF_ID,CHEF_SCH_DATE,CHEF_SCH_STATUS)
VALUES ('C00026',TO_DATE('2019-4-18','YYYY-MM-DD'),'c0');
INSERT INTO CHEF_SCH (CHEF_ID,CHEF_SCH_DATE,CHEF_SCH_STATUS)
VALUES ('C00026',TO_DATE('2019-4-19','YYYY-MM-DD'),'c0');
INSERT INTO CHEF_SCH (CHEF_ID,CHEF_SCH_DATE,CHEF_SCH_STATUS)
VALUES ('C00026',TO_DATE('2019-4-20','YYYY-MM-DD'),'c1');
INSERT INTO CHEF_SCH (CHEF_ID,CHEF_SCH_DATE,CHEF_SCH_STATUS)
VALUES ('C00026',TO_DATE('2019-4-21','YYYY-MM-DD'),'c0');
INSERT INTO CHEF_SCH (CHEF_ID,CHEF_SCH_DATE,CHEF_SCH_STATUS)
VALUES ('C00026',TO_DATE('2019-4-22','YYYY-MM-DD'),'c0');
INSERT INTO CHEF_SCH (CHEF_ID,CHEF_SCH_DATE,CHEF_SCH_STATUS)
VALUES ('C00026',TO_DATE('2019-4-23','YYYY-MM-DD'),'c0');
INSERT INTO CHEF_SCH (CHEF_ID,CHEF_SCH_DATE,CHEF_SCH_STATUS)
VALUES ('C00026',TO_DATE('2019-4-24','YYYY-MM-DD'),'c0');
INSERT INTO CHEF_SCH (CHEF_ID,CHEF_SCH_DATE,CHEF_SCH_STATUS)
VALUES ('C00026',TO_DATE('2019-4-25','YYYY-MM-DD'),'c1');
INSERT INTO CHEF_SCH (CHEF_ID,CHEF_SCH_DATE,CHEF_SCH_STATUS)
VALUES ('C00026',TO_DATE('2019-4-26','YYYY-MM-DD'),'c0');
INSERT INTO CHEF_SCH (CHEF_ID,CHEF_SCH_DATE,CHEF_SCH_STATUS)
VALUES ('C00026',TO_DATE('2019-4-27','YYYY-MM-DD'),'c0');
INSERT INTO CHEF_SCH (CHEF_ID,CHEF_SCH_DATE,CHEF_SCH_STATUS)
VALUES ('C00026',TO_DATE('2019-4-28','YYYY-MM-DD'),'c0');

-----------------------------------------------------------------
--CHEF_DISH--
INSERT INTO CHEF_DISH (CHEF_ID,DISH_ID,CHEF_DISH_STATUS)
VALUES ('C00002','D00001','d1');
INSERT INTO CHEF_DISH (CHEF_ID,DISH_ID,CHEF_DISH_STATUS)
VALUES ('C00002','D00002','d1');
INSERT INTO CHEF_DISH (CHEF_ID,DISH_ID,CHEF_DISH_STATUS)
VALUES ('C00002','D00003','d1');
INSERT INTO CHEF_DISH (CHEF_ID,DISH_ID,CHEF_DISH_STATUS)
VALUES ('C00002','D00004','d1');
INSERT INTO CHEF_DISH (CHEF_ID,DISH_ID,CHEF_DISH_STATUS)
VALUES ('C00002','D00005','d0');
INSERT INTO CHEF_DISH (CHEF_ID,DISH_ID,CHEF_DISH_STATUS)
VALUES ('C00002','D00006','d1');
INSERT INTO CHEF_DISH (CHEF_ID,DISH_ID,CHEF_DISH_STATUS)
VALUES ('C00002','D00007','d1');
INSERT INTO CHEF_DISH (CHEF_ID,DISH_ID,CHEF_DISH_STATUS)
VALUES ('C00002','D00008','d1');
INSERT INTO CHEF_DISH (CHEF_ID,DISH_ID,CHEF_DISH_STATUS)
VALUES ('C00002','D00009','d1');
INSERT INTO CHEF_DISH (CHEF_ID,DISH_ID,CHEF_DISH_STATUS)
VALUES ('C00002','D00010','d1');
INSERT INTO CHEF_DISH (CHEF_ID,DISH_ID,CHEF_DISH_STATUS)
VALUES ('C00002','D00011','d1');
INSERT INTO CHEF_DISH (CHEF_ID,DISH_ID,CHEF_DISH_STATUS)
VALUES ('C00002','D00012','d0');
INSERT INTO CHEF_DISH (CHEF_ID,DISH_ID,CHEF_DISH_STATUS)
VALUES ('C00002','D00013','d1');
INSERT INTO CHEF_DISH (CHEF_ID,DISH_ID,CHEF_DISH_STATUS)
VALUES ('C00002','D00014','d1');
INSERT INTO CHEF_DISH (CHEF_ID,DISH_ID,CHEF_DISH_STATUS)
VALUES ('C00002','D00015','d1');
INSERT INTO CHEF_DISH (CHEF_ID,DISH_ID,CHEF_DISH_STATUS)
VALUES ('C00002','D00016','d1');
INSERT INTO CHEF_DISH (CHEF_ID,DISH_ID,CHEF_DISH_STATUS)
VALUES ('C00002','D00017','d1');
INSERT INTO CHEF_DISH (CHEF_ID,DISH_ID,CHEF_DISH_STATUS)
VALUES ('C00002','D00018','d0');
INSERT INTO CHEF_DISH (CHEF_ID,DISH_ID,CHEF_DISH_STATUS)
VALUES ('C00002','D00019','d1');
INSERT INTO CHEF_DISH (CHEF_ID,DISH_ID,CHEF_DISH_STATUS)
VALUES ('C00002','D00020','d1');

INSERT INTO CHEF_DISH (CHEF_ID,DISH_ID,CHEF_DISH_STATUS)
VALUES ('C00004','D00001','d1');
INSERT INTO CHEF_DISH (CHEF_ID,DISH_ID,CHEF_DISH_STATUS)
VALUES ('C00004','D00002','d1');
INSERT INTO CHEF_DISH (CHEF_ID,DISH_ID,CHEF_DISH_STATUS)
VALUES ('C00004','D00003','d1');
INSERT INTO CHEF_DISH (CHEF_ID,DISH_ID,CHEF_DISH_STATUS)
VALUES ('C00004','D00004','d1');
INSERT INTO CHEF_DISH (CHEF_ID,DISH_ID,CHEF_DISH_STATUS)
VALUES ('C00004','D00005','d0');
INSERT INTO CHEF_DISH (CHEF_ID,DISH_ID,CHEF_DISH_STATUS)
VALUES ('C00004','D00006','d1');
INSERT INTO CHEF_DISH (CHEF_ID,DISH_ID,CHEF_DISH_STATUS)
VALUES ('C00004','D00007','d1');
INSERT INTO CHEF_DISH (CHEF_ID,DISH_ID,CHEF_DISH_STATUS)
VALUES ('C00004','D00008','d1');
INSERT INTO CHEF_DISH (CHEF_ID,DISH_ID,CHEF_DISH_STATUS)
VALUES ('C00004','D00009','d1');
INSERT INTO CHEF_DISH (CHEF_ID,DISH_ID,CHEF_DISH_STATUS)
VALUES ('C00004','D00010','d1');
INSERT INTO CHEF_DISH (CHEF_ID,DISH_ID,CHEF_DISH_STATUS)
VALUES ('C00004','D00011','d1');
INSERT INTO CHEF_DISH (CHEF_ID,DISH_ID,CHEF_DISH_STATUS)
VALUES ('C00004','D00012','d1');
INSERT INTO CHEF_DISH (CHEF_ID,DISH_ID,CHEF_DISH_STATUS)
VALUES ('C00004','D00013','d0');
INSERT INTO CHEF_DISH (CHEF_ID,DISH_ID,CHEF_DISH_STATUS)
VALUES ('C00004','D00014','d1');
INSERT INTO CHEF_DISH (CHEF_ID,DISH_ID,CHEF_DISH_STATUS)
VALUES ('C00004','D00015','d1');
INSERT INTO CHEF_DISH (CHEF_ID,DISH_ID,CHEF_DISH_STATUS)
VALUES ('C00004','D00016','d1');
INSERT INTO CHEF_DISH (CHEF_ID,DISH_ID,CHEF_DISH_STATUS)
VALUES ('C00004','D00017','d1');
INSERT INTO CHEF_DISH (CHEF_ID,DISH_ID,CHEF_DISH_STATUS)
VALUES ('C00004','D00018','d1');
INSERT INTO CHEF_DISH (CHEF_ID,DISH_ID,CHEF_DISH_STATUS)
VALUES ('C00004','D00019','d1');
INSERT INTO CHEF_DISH (CHEF_ID,DISH_ID,CHEF_DISH_STATUS)
VALUES ('C00004','D00020','d0');

INSERT INTO CHEF_DISH (CHEF_ID,DISH_ID,CHEF_DISH_STATUS)
VALUES ('C00006','D00001','d1');
INSERT INTO CHEF_DISH (CHEF_ID,DISH_ID,CHEF_DISH_STATUS)
VALUES ('C00006','D00002','d1');
INSERT INTO CHEF_DISH (CHEF_ID,DISH_ID,CHEF_DISH_STATUS)
VALUES ('C00006','D00003','d1');
INSERT INTO CHEF_DISH (CHEF_ID,DISH_ID,CHEF_DISH_STATUS)
VALUES ('C00006','D00004','d1');
INSERT INTO CHEF_DISH (CHEF_ID,DISH_ID,CHEF_DISH_STATUS)
VALUES ('C00006','D00005','d0');
INSERT INTO CHEF_DISH (CHEF_ID,DISH_ID,CHEF_DISH_STATUS)
VALUES ('C00006','D00006','d1');
INSERT INTO CHEF_DISH (CHEF_ID,DISH_ID,CHEF_DISH_STATUS)
VALUES ('C00006','D00007','d1');
INSERT INTO CHEF_DISH (CHEF_ID,DISH_ID,CHEF_DISH_STATUS)
VALUES ('C00006','D00008','d1');
INSERT INTO CHEF_DISH (CHEF_ID,DISH_ID,CHEF_DISH_STATUS)
VALUES ('C00006','D00009','d1');
INSERT INTO CHEF_DISH (CHEF_ID,DISH_ID,CHEF_DISH_STATUS)
VALUES ('C00006','D00010','d1');
INSERT INTO CHEF_DISH (CHEF_ID,DISH_ID,CHEF_DISH_STATUS)
VALUES ('C00006','D00011','d1');
INSERT INTO CHEF_DISH (CHEF_ID,DISH_ID,CHEF_DISH_STATUS)
VALUES ('C00006','D00012','d0');
INSERT INTO CHEF_DISH (CHEF_ID,DISH_ID,CHEF_DISH_STATUS)
VALUES ('C00006','D00013','d1');
INSERT INTO CHEF_DISH (CHEF_ID,DISH_ID,CHEF_DISH_STATUS)
VALUES ('C00006','D00014','d1');
INSERT INTO CHEF_DISH (CHEF_ID,DISH_ID,CHEF_DISH_STATUS)
VALUES ('C00006','D00015','d1');
INSERT INTO CHEF_DISH (CHEF_ID,DISH_ID,CHEF_DISH_STATUS)
VALUES ('C00006','D00016','d1');
INSERT INTO CHEF_DISH (CHEF_ID,DISH_ID,CHEF_DISH_STATUS)
VALUES ('C00006','D00017','d1');
INSERT INTO CHEF_DISH (CHEF_ID,DISH_ID,CHEF_DISH_STATUS)
VALUES ('C00006','D00018','d1');
INSERT INTO CHEF_DISH (CHEF_ID,DISH_ID,CHEF_DISH_STATUS)
VALUES ('C00006','D00019','d0');
INSERT INTO CHEF_DISH (CHEF_ID,DISH_ID,CHEF_DISH_STATUS)
VALUES ('C00006','D00020','d1');

INSERT INTO CHEF_DISH (CHEF_ID,DISH_ID,CHEF_DISH_STATUS)
VALUES ('C00008','D00001','d1');
INSERT INTO CHEF_DISH (CHEF_ID,DISH_ID,CHEF_DISH_STATUS)
VALUES ('C00008','D00002','d1');
INSERT INTO CHEF_DISH (CHEF_ID,DISH_ID,CHEF_DISH_STATUS)
VALUES ('C00008','D00003','d1');
INSERT INTO CHEF_DISH (CHEF_ID,DISH_ID,CHEF_DISH_STATUS)
VALUES ('C00008','D00004','d1');
INSERT INTO CHEF_DISH (CHEF_ID,DISH_ID,CHEF_DISH_STATUS)
VALUES ('C00008','D00005','d1');
INSERT INTO CHEF_DISH (CHEF_ID,DISH_ID,CHEF_DISH_STATUS)
VALUES ('C00008','D00006','d0');
INSERT INTO CHEF_DISH (CHEF_ID,DISH_ID,CHEF_DISH_STATUS)
VALUES ('C00008','D00007','d1');
INSERT INTO CHEF_DISH (CHEF_ID,DISH_ID,CHEF_DISH_STATUS)
VALUES ('C00008','D00008','d1');
INSERT INTO CHEF_DISH (CHEF_ID,DISH_ID,CHEF_DISH_STATUS)
VALUES ('C00008','D00009','d1');
INSERT INTO CHEF_DISH (CHEF_ID,DISH_ID,CHEF_DISH_STATUS)
VALUES ('C00008','D00010','d1');
INSERT INTO CHEF_DISH (CHEF_ID,DISH_ID,CHEF_DISH_STATUS)
VALUES ('C00008','D00011','d0');
INSERT INTO CHEF_DISH (CHEF_ID,DISH_ID,CHEF_DISH_STATUS)
VALUES ('C00008','D00012','d1');
INSERT INTO CHEF_DISH (CHEF_ID,DISH_ID,CHEF_DISH_STATUS)
VALUES ('C00008','D00013','d1');
INSERT INTO CHEF_DISH (CHEF_ID,DISH_ID,CHEF_DISH_STATUS)
VALUES ('C00008','D00014','d1');
INSERT INTO CHEF_DISH (CHEF_ID,DISH_ID,CHEF_DISH_STATUS)
VALUES ('C00008','D00015','d1');
INSERT INTO CHEF_DISH (CHEF_ID,DISH_ID,CHEF_DISH_STATUS)
VALUES ('C00008','D00016','d1');
INSERT INTO CHEF_DISH (CHEF_ID,DISH_ID,CHEF_DISH_STATUS)
VALUES ('C00008','D00017','d1');
INSERT INTO CHEF_DISH (CHEF_ID,DISH_ID,CHEF_DISH_STATUS)
VALUES ('C00008','D00018','d1');
INSERT INTO CHEF_DISH (CHEF_ID,DISH_ID,CHEF_DISH_STATUS)
VALUES ('C00008','D00019','d0');
INSERT INTO CHEF_DISH (CHEF_ID,DISH_ID,CHEF_DISH_STATUS)
VALUES ('C00008','D00020','d1');

INSERT INTO CHEF_DISH (CHEF_ID,DISH_ID,CHEF_DISH_STATUS)
VALUES ('C00010','D00001','d1');
INSERT INTO CHEF_DISH (CHEF_ID,DISH_ID,CHEF_DISH_STATUS)
VALUES ('C00010','D00002','d1');
INSERT INTO CHEF_DISH (CHEF_ID,DISH_ID,CHEF_DISH_STATUS)
VALUES ('C00010','D00003','d1');
INSERT INTO CHEF_DISH (CHEF_ID,DISH_ID,CHEF_DISH_STATUS)
VALUES ('C00010','D00004','d1');
INSERT INTO CHEF_DISH (CHEF_ID,DISH_ID,CHEF_DISH_STATUS)
VALUES ('C00010','D00005','d1');
INSERT INTO CHEF_DISH (CHEF_ID,DISH_ID,CHEF_DISH_STATUS)
VALUES ('C00010','D00006','d1');
INSERT INTO CHEF_DISH (CHEF_ID,DISH_ID,CHEF_DISH_STATUS)
VALUES ('C00010','D00007','d1');
INSERT INTO CHEF_DISH (CHEF_ID,DISH_ID,CHEF_DISH_STATUS)
VALUES ('C00010','D00008','d1');
INSERT INTO CHEF_DISH (CHEF_ID,DISH_ID,CHEF_DISH_STATUS)
VALUES ('C00010','D00009','d0');
INSERT INTO CHEF_DISH (CHEF_ID,DISH_ID,CHEF_DISH_STATUS)
VALUES ('C00010','D00010','d1');
INSERT INTO CHEF_DISH (CHEF_ID,DISH_ID,CHEF_DISH_STATUS)
VALUES ('C00010','D00011','d1');
INSERT INTO CHEF_DISH (CHEF_ID,DISH_ID,CHEF_DISH_STATUS)
VALUES ('C00010','D00012','d1');
INSERT INTO CHEF_DISH (CHEF_ID,DISH_ID,CHEF_DISH_STATUS)
VALUES ('C00010','D00013','d1');
INSERT INTO CHEF_DISH (CHEF_ID,DISH_ID,CHEF_DISH_STATUS)
VALUES ('C00010','D00014','d1');
INSERT INTO CHEF_DISH (CHEF_ID,DISH_ID,CHEF_DISH_STATUS)
VALUES ('C00010','D00015','d1');
INSERT INTO CHEF_DISH (CHEF_ID,DISH_ID,CHEF_DISH_STATUS)
VALUES ('C00010','D00016','d1');
INSERT INTO CHEF_DISH (CHEF_ID,DISH_ID,CHEF_DISH_STATUS)
VALUES ('C00010','D00017','d1');
INSERT INTO CHEF_DISH (CHEF_ID,DISH_ID,CHEF_DISH_STATUS)
VALUES ('C00010','D00018','d0');
INSERT INTO CHEF_DISH (CHEF_ID,DISH_ID,CHEF_DISH_STATUS)
VALUES ('C00010','D00019','d1');
INSERT INTO CHEF_DISH (CHEF_ID,DISH_ID,CHEF_DISH_STATUS)
VALUES ('C00010','D00020','d1');

INSERT INTO CHEF_DISH (CHEF_ID,DISH_ID,CHEF_DISH_STATUS)
VALUES ('C00012','D00001','d1');
INSERT INTO CHEF_DISH (CHEF_ID,DISH_ID,CHEF_DISH_STATUS)
VALUES ('C00012','D00002','d1');
INSERT INTO CHEF_DISH (CHEF_ID,DISH_ID,CHEF_DISH_STATUS)
VALUES ('C00012','D00003','d1');
INSERT INTO CHEF_DISH (CHEF_ID,DISH_ID,CHEF_DISH_STATUS)
VALUES ('C00012','D00004','d1');
INSERT INTO CHEF_DISH (CHEF_ID,DISH_ID,CHEF_DISH_STATUS)
VALUES ('C00012','D00005','d0');
INSERT INTO CHEF_DISH (CHEF_ID,DISH_ID,CHEF_DISH_STATUS)
VALUES ('C00012','D00006','d1');
INSERT INTO CHEF_DISH (CHEF_ID,DISH_ID,CHEF_DISH_STATUS)
VALUES ('C00012','D00007','d1');
INSERT INTO CHEF_DISH (CHEF_ID,DISH_ID,CHEF_DISH_STATUS)
VALUES ('C00012','D00008','d1');
INSERT INTO CHEF_DISH (CHEF_ID,DISH_ID,CHEF_DISH_STATUS)
VALUES ('C00012','D00009','d1');
INSERT INTO CHEF_DISH (CHEF_ID,DISH_ID,CHEF_DISH_STATUS)
VALUES ('C00012','D00010','d1');
INSERT INTO CHEF_DISH (CHEF_ID,DISH_ID,CHEF_DISH_STATUS)
VALUES ('C00012','D00011','d1');
INSERT INTO CHEF_DISH (CHEF_ID,DISH_ID,CHEF_DISH_STATUS)
VALUES ('C00012','D00012','d1');
INSERT INTO CHEF_DISH (CHEF_ID,DISH_ID,CHEF_DISH_STATUS)
VALUES ('C00012','D00013','d1');
INSERT INTO CHEF_DISH (CHEF_ID,DISH_ID,CHEF_DISH_STATUS)
VALUES ('C00012','D00014','d0');
INSERT INTO CHEF_DISH (CHEF_ID,DISH_ID,CHEF_DISH_STATUS)
VALUES ('C00012','D00015','d1');
INSERT INTO CHEF_DISH (CHEF_ID,DISH_ID,CHEF_DISH_STATUS)
VALUES ('C00012','D00016','d1');
INSERT INTO CHEF_DISH (CHEF_ID,DISH_ID,CHEF_DISH_STATUS)
VALUES ('C00012','D00017','d1');
INSERT INTO CHEF_DISH (CHEF_ID,DISH_ID,CHEF_DISH_STATUS)
VALUES ('C00012','D00018','d1');
INSERT INTO CHEF_DISH (CHEF_ID,DISH_ID,CHEF_DISH_STATUS)
VALUES ('C00012','D00019','d1');
INSERT INTO CHEF_DISH (CHEF_ID,DISH_ID,CHEF_DISH_STATUS)
VALUES ('C00012','D00020','d1');

INSERT INTO CHEF_DISH (CHEF_ID,DISH_ID,CHEF_DISH_STATUS)
VALUES ('C00014','D00001','d1');
INSERT INTO CHEF_DISH (CHEF_ID,DISH_ID,CHEF_DISH_STATUS)
VALUES ('C00014','D00002','d0');
INSERT INTO CHEF_DISH (CHEF_ID,DISH_ID,CHEF_DISH_STATUS)
VALUES ('C00014','D00003','d1');
INSERT INTO CHEF_DISH (CHEF_ID,DISH_ID,CHEF_DISH_STATUS)
VALUES ('C00014','D00004','d1');
INSERT INTO CHEF_DISH (CHEF_ID,DISH_ID,CHEF_DISH_STATUS)
VALUES ('C00014','D00005','d1');
INSERT INTO CHEF_DISH (CHEF_ID,DISH_ID,CHEF_DISH_STATUS)
VALUES ('C00014','D00006','d1');
INSERT INTO CHEF_DISH (CHEF_ID,DISH_ID,CHEF_DISH_STATUS)
VALUES ('C00014','D00007','d1');
INSERT INTO CHEF_DISH (CHEF_ID,DISH_ID,CHEF_DISH_STATUS)
VALUES ('C00014','D00008','d1');
INSERT INTO CHEF_DISH (CHEF_ID,DISH_ID,CHEF_DISH_STATUS)
VALUES ('C00014','D00009','d1');
INSERT INTO CHEF_DISH (CHEF_ID,DISH_ID,CHEF_DISH_STATUS)
VALUES ('C00014','D00010','d1');
INSERT INTO CHEF_DISH (CHEF_ID,DISH_ID,CHEF_DISH_STATUS)
VALUES ('C00014','D00011','d1');
INSERT INTO CHEF_DISH (CHEF_ID,DISH_ID,CHEF_DISH_STATUS)
VALUES ('C00014','D00012','d1');
INSERT INTO CHEF_DISH (CHEF_ID,DISH_ID,CHEF_DISH_STATUS)
VALUES ('C00014','D00013','d0');
INSERT INTO CHEF_DISH (CHEF_ID,DISH_ID,CHEF_DISH_STATUS)
VALUES ('C00014','D00014','d1');
INSERT INTO CHEF_DISH (CHEF_ID,DISH_ID,CHEF_DISH_STATUS)
VALUES ('C00014','D00015','d1');
INSERT INTO CHEF_DISH (CHEF_ID,DISH_ID,CHEF_DISH_STATUS)
VALUES ('C00014','D00016','d1');
INSERT INTO CHEF_DISH (CHEF_ID,DISH_ID,CHEF_DISH_STATUS)
VALUES ('C00014','D00017','d1');
INSERT INTO CHEF_DISH (CHEF_ID,DISH_ID,CHEF_DISH_STATUS)
VALUES ('C00014','D00018','d1');
INSERT INTO CHEF_DISH (CHEF_ID,DISH_ID,CHEF_DISH_STATUS)
VALUES ('C00014','D00019','d1');
INSERT INTO CHEF_DISH (CHEF_ID,DISH_ID,CHEF_DISH_STATUS)
VALUES ('C00014','D00020','d0');

INSERT INTO CHEF_DISH (CHEF_ID,DISH_ID,CHEF_DISH_STATUS)
VALUES ('C00016','D00001','d1');
INSERT INTO CHEF_DISH (CHEF_ID,DISH_ID,CHEF_DISH_STATUS)
VALUES ('C00016','D00002','d1');
INSERT INTO CHEF_DISH (CHEF_ID,DISH_ID,CHEF_DISH_STATUS)
VALUES ('C00016','D00003','d1');
INSERT INTO CHEF_DISH (CHEF_ID,DISH_ID,CHEF_DISH_STATUS)
VALUES ('C00016','D00004','d1');
INSERT INTO CHEF_DISH (CHEF_ID,DISH_ID,CHEF_DISH_STATUS)
VALUES ('C00016','D00005','d1');
INSERT INTO CHEF_DISH (CHEF_ID,DISH_ID,CHEF_DISH_STATUS)
VALUES ('C00016','D00006','d1');
INSERT INTO CHEF_DISH (CHEF_ID,DISH_ID,CHEF_DISH_STATUS)
VALUES ('C00016','D00007','d1');
INSERT INTO CHEF_DISH (CHEF_ID,DISH_ID,CHEF_DISH_STATUS)
VALUES ('C00016','D00008','d0');
INSERT INTO CHEF_DISH (CHEF_ID,DISH_ID,CHEF_DISH_STATUS)
VALUES ('C00016','D00009','d1');
INSERT INTO CHEF_DISH (CHEF_ID,DISH_ID,CHEF_DISH_STATUS)
VALUES ('C00016','D00010','d1');
INSERT INTO CHEF_DISH (CHEF_ID,DISH_ID,CHEF_DISH_STATUS)
VALUES ('C00016','D00011','d1');
INSERT INTO CHEF_DISH (CHEF_ID,DISH_ID,CHEF_DISH_STATUS)
VALUES ('C00016','D00012','d1');
INSERT INTO CHEF_DISH (CHEF_ID,DISH_ID,CHEF_DISH_STATUS)
VALUES ('C00016','D00013','d1');
INSERT INTO CHEF_DISH (CHEF_ID,DISH_ID,CHEF_DISH_STATUS)
VALUES ('C00016','D00014','d1');
INSERT INTO CHEF_DISH (CHEF_ID,DISH_ID,CHEF_DISH_STATUS)
VALUES ('C00016','D00015','d0');
INSERT INTO CHEF_DISH (CHEF_ID,DISH_ID,CHEF_DISH_STATUS)
VALUES ('C00016','D00016','d1');
INSERT INTO CHEF_DISH (CHEF_ID,DISH_ID,CHEF_DISH_STATUS)
VALUES ('C00016','D00017','d1');
INSERT INTO CHEF_DISH (CHEF_ID,DISH_ID,CHEF_DISH_STATUS)
VALUES ('C00016','D00018','d1');
INSERT INTO CHEF_DISH (CHEF_ID,DISH_ID,CHEF_DISH_STATUS)
VALUES ('C00016','D00019','d1');
INSERT INTO CHEF_DISH (CHEF_ID,DISH_ID,CHEF_DISH_STATUS)
VALUES ('C00016','D00020','d1');

INSERT INTO CHEF_DISH (CHEF_ID,DISH_ID,CHEF_DISH_STATUS)
VALUES ('C00018','D00001','d0');
INSERT INTO CHEF_DISH (CHEF_ID,DISH_ID,CHEF_DISH_STATUS)
VALUES ('C00018','D00002','d1');
INSERT INTO CHEF_DISH (CHEF_ID,DISH_ID,CHEF_DISH_STATUS)
VALUES ('C00018','D00003','d1');
INSERT INTO CHEF_DISH (CHEF_ID,DISH_ID,CHEF_DISH_STATUS)
VALUES ('C00018','D00004','d1');
INSERT INTO CHEF_DISH (CHEF_ID,DISH_ID,CHEF_DISH_STATUS)
VALUES ('C00018','D00005','d1');
INSERT INTO CHEF_DISH (CHEF_ID,DISH_ID,CHEF_DISH_STATUS)
VALUES ('C00018','D00006','d1');
INSERT INTO CHEF_DISH (CHEF_ID,DISH_ID,CHEF_DISH_STATUS)
VALUES ('C00018','D00007','d1');
INSERT INTO CHEF_DISH (CHEF_ID,DISH_ID,CHEF_DISH_STATUS)
VALUES ('C00018','D00008','d1');
INSERT INTO CHEF_DISH (CHEF_ID,DISH_ID,CHEF_DISH_STATUS)
VALUES ('C00018','D00009','d1');
INSERT INTO CHEF_DISH (CHEF_ID,DISH_ID,CHEF_DISH_STATUS)
VALUES ('C00018','D00010','d0');
INSERT INTO CHEF_DISH (CHEF_ID,DISH_ID,CHEF_DISH_STATUS)
VALUES ('C00018','D00011','d1');
INSERT INTO CHEF_DISH (CHEF_ID,DISH_ID,CHEF_DISH_STATUS)
VALUES ('C00018','D00012','d1');
INSERT INTO CHEF_DISH (CHEF_ID,DISH_ID,CHEF_DISH_STATUS)
VALUES ('C00018','D00013','d1');
INSERT INTO CHEF_DISH (CHEF_ID,DISH_ID,CHEF_DISH_STATUS)
VALUES ('C00018','D00014','d1');
INSERT INTO CHEF_DISH (CHEF_ID,DISH_ID,CHEF_DISH_STATUS)
VALUES ('C00018','D00015','d1');
INSERT INTO CHEF_DISH (CHEF_ID,DISH_ID,CHEF_DISH_STATUS)
VALUES ('C00018','D00016','d1');
INSERT INTO CHEF_DISH (CHEF_ID,DISH_ID,CHEF_DISH_STATUS)
VALUES ('C00018','D00017','d1');
INSERT INTO CHEF_DISH (CHEF_ID,DISH_ID,CHEF_DISH_STATUS)
VALUES ('C00018','D00018','d0');
INSERT INTO CHEF_DISH (CHEF_ID,DISH_ID,CHEF_DISH_STATUS)
VALUES ('C00018','D00019','d1');
INSERT INTO CHEF_DISH (CHEF_ID,DISH_ID,CHEF_DISH_STATUS)
VALUES ('C00018','D00020','d1');

INSERT INTO CHEF_DISH (CHEF_ID,DISH_ID,CHEF_DISH_STATUS)
VALUES ('C00020','D00001','d1');
INSERT INTO CHEF_DISH (CHEF_ID,DISH_ID,CHEF_DISH_STATUS)
VALUES ('C00020','D00002','d0');
INSERT INTO CHEF_DISH (CHEF_ID,DISH_ID,CHEF_DISH_STATUS)
VALUES ('C00020','D00003','d1');
INSERT INTO CHEF_DISH (CHEF_ID,DISH_ID,CHEF_DISH_STATUS)
VALUES ('C00020','D00004','d1');
INSERT INTO CHEF_DISH (CHEF_ID,DISH_ID,CHEF_DISH_STATUS)
VALUES ('C00020','D00005','d1');
INSERT INTO CHEF_DISH (CHEF_ID,DISH_ID,CHEF_DISH_STATUS)
VALUES ('C00020','D00006','d1');
INSERT INTO CHEF_DISH (CHEF_ID,DISH_ID,CHEF_DISH_STATUS)
VALUES ('C00020','D00007','d1');
INSERT INTO CHEF_DISH (CHEF_ID,DISH_ID,CHEF_DISH_STATUS)
VALUES ('C00020','D00008','d1');
INSERT INTO CHEF_DISH (CHEF_ID,DISH_ID,CHEF_DISH_STATUS)
VALUES ('C00020','D00009','d0');
INSERT INTO CHEF_DISH (CHEF_ID,DISH_ID,CHEF_DISH_STATUS)
VALUES ('C00020','D00010','d1');
INSERT INTO CHEF_DISH (CHEF_ID,DISH_ID,CHEF_DISH_STATUS)
VALUES ('C00020','D00011','d1');
INSERT INTO CHEF_DISH (CHEF_ID,DISH_ID,CHEF_DISH_STATUS)
VALUES ('C00020','D00012','d1');
INSERT INTO CHEF_DISH (CHEF_ID,DISH_ID,CHEF_DISH_STATUS)
VALUES ('C00020','D00013','d1');
INSERT INTO CHEF_DISH (CHEF_ID,DISH_ID,CHEF_DISH_STATUS)
VALUES ('C00020','D00014','d1');
INSERT INTO CHEF_DISH (CHEF_ID,DISH_ID,CHEF_DISH_STATUS)
VALUES ('C00020','D00015','d1');
INSERT INTO CHEF_DISH (CHEF_ID,DISH_ID,CHEF_DISH_STATUS)
VALUES ('C00020','D00016','d1');
INSERT INTO CHEF_DISH (CHEF_ID,DISH_ID,CHEF_DISH_STATUS)
VALUES ('C00020','D00017','d1');
INSERT INTO CHEF_DISH (CHEF_ID,DISH_ID,CHEF_DISH_STATUS)
VALUES ('C00020','D00018','d0');
INSERT INTO CHEF_DISH (CHEF_ID,DISH_ID,CHEF_DISH_STATUS)
VALUES ('C00020','D00019','d1');
INSERT INTO CHEF_DISH (CHEF_ID,DISH_ID,CHEF_DISH_STATUS)
VALUES ('C00020','D00020','d1');

INSERT INTO CHEF_DISH (CHEF_ID,DISH_ID,CHEF_DISH_STATUS)
VALUES ('C00022','D00001','d1');
INSERT INTO CHEF_DISH (CHEF_ID,DISH_ID,CHEF_DISH_STATUS)
VALUES ('C00022','D00002','d1');
INSERT INTO CHEF_DISH (CHEF_ID,DISH_ID,CHEF_DISH_STATUS)
VALUES ('C00022','D00003','d1');
INSERT INTO CHEF_DISH (CHEF_ID,DISH_ID,CHEF_DISH_STATUS)
VALUES ('C00022','D00004','d1');
INSERT INTO CHEF_DISH (CHEF_ID,DISH_ID,CHEF_DISH_STATUS)
VALUES ('C00022','D00005','d0');
INSERT INTO CHEF_DISH (CHEF_ID,DISH_ID,CHEF_DISH_STATUS)
VALUES ('C00022','D00006','d1');
INSERT INTO CHEF_DISH (CHEF_ID,DISH_ID,CHEF_DISH_STATUS)
VALUES ('C00022','D00007','d1');
INSERT INTO CHEF_DISH (CHEF_ID,DISH_ID,CHEF_DISH_STATUS)
VALUES ('C00022','D00008','d1');
INSERT INTO CHEF_DISH (CHEF_ID,DISH_ID,CHEF_DISH_STATUS)
VALUES ('C00022','D00009','d1');
INSERT INTO CHEF_DISH (CHEF_ID,DISH_ID,CHEF_DISH_STATUS)
VALUES ('C00022','D00010','d1');
INSERT INTO CHEF_DISH (CHEF_ID,DISH_ID,CHEF_DISH_STATUS)
VALUES ('C00022','D00011','d0');
INSERT INTO CHEF_DISH (CHEF_ID,DISH_ID,CHEF_DISH_STATUS)
VALUES ('C00022','D00012','d1');
INSERT INTO CHEF_DISH (CHEF_ID,DISH_ID,CHEF_DISH_STATUS)
VALUES ('C00022','D00013','d1');
INSERT INTO CHEF_DISH (CHEF_ID,DISH_ID,CHEF_DISH_STATUS)
VALUES ('C00022','D00014','d1');
INSERT INTO CHEF_DISH (CHEF_ID,DISH_ID,CHEF_DISH_STATUS)
VALUES ('C00022','D00015','d1');
INSERT INTO CHEF_DISH (CHEF_ID,DISH_ID,CHEF_DISH_STATUS)
VALUES ('C00022','D00016','d1');
INSERT INTO CHEF_DISH (CHEF_ID,DISH_ID,CHEF_DISH_STATUS)
VALUES ('C00022','D00017','d1');
INSERT INTO CHEF_DISH (CHEF_ID,DISH_ID,CHEF_DISH_STATUS)
VALUES ('C00022','D00018','d0');
INSERT INTO CHEF_DISH (CHEF_ID,DISH_ID,CHEF_DISH_STATUS)
VALUES ('C00022','D00019','d1');
INSERT INTO CHEF_DISH (CHEF_ID,DISH_ID,CHEF_DISH_STATUS)
VALUES ('C00022','D00020','d1');

INSERT INTO CHEF_DISH (CHEF_ID,DISH_ID,CHEF_DISH_STATUS)
VALUES ('C00024','D00001','d1');
INSERT INTO CHEF_DISH (CHEF_ID,DISH_ID,CHEF_DISH_STATUS)
VALUES ('C00024','D00002','d1');
INSERT INTO CHEF_DISH (CHEF_ID,DISH_ID,CHEF_DISH_STATUS)
VALUES ('C00024','D00003','d1');
INSERT INTO CHEF_DISH (CHEF_ID,DISH_ID,CHEF_DISH_STATUS)
VALUES ('C00024','D00004','d1');
INSERT INTO CHEF_DISH (CHEF_ID,DISH_ID,CHEF_DISH_STATUS)
VALUES ('C00024','D00005','d0');
INSERT INTO CHEF_DISH (CHEF_ID,DISH_ID,CHEF_DISH_STATUS)
VALUES ('C00024','D00006','d1');
INSERT INTO CHEF_DISH (CHEF_ID,DISH_ID,CHEF_DISH_STATUS)
VALUES ('C00024','D00007','d1');
INSERT INTO CHEF_DISH (CHEF_ID,DISH_ID,CHEF_DISH_STATUS)
VALUES ('C00024','D00008','d1');
INSERT INTO CHEF_DISH (CHEF_ID,DISH_ID,CHEF_DISH_STATUS)
VALUES ('C00024','D00009','d1');
INSERT INTO CHEF_DISH (CHEF_ID,DISH_ID,CHEF_DISH_STATUS)
VALUES ('C00024','D00010','d1');
INSERT INTO CHEF_DISH (CHEF_ID,DISH_ID,CHEF_DISH_STATUS)
VALUES ('C00024','D00011','d1');
INSERT INTO CHEF_DISH (CHEF_ID,DISH_ID,CHEF_DISH_STATUS)
VALUES ('C00024','D00012','d1');
INSERT INTO CHEF_DISH (CHEF_ID,DISH_ID,CHEF_DISH_STATUS)
VALUES ('C00024','D00013','d0');
INSERT INTO CHEF_DISH (CHEF_ID,DISH_ID,CHEF_DISH_STATUS)
VALUES ('C00024','D00014','d1');
INSERT INTO CHEF_DISH (CHEF_ID,DISH_ID,CHEF_DISH_STATUS)
VALUES ('C00024','D00015','d1');
INSERT INTO CHEF_DISH (CHEF_ID,DISH_ID,CHEF_DISH_STATUS)
VALUES ('C00024','D00016','d1');
INSERT INTO CHEF_DISH (CHEF_ID,DISH_ID,CHEF_DISH_STATUS)
VALUES ('C00024','D00017','d1');
INSERT INTO CHEF_DISH (CHEF_ID,DISH_ID,CHEF_DISH_STATUS)
VALUES ('C00024','D00018','d1');
INSERT INTO CHEF_DISH (CHEF_ID,DISH_ID,CHEF_DISH_STATUS)
VALUES ('C00024','D00019','d1');
INSERT INTO CHEF_DISH (CHEF_ID,DISH_ID,CHEF_DISH_STATUS)
VALUES ('C00024','D00020','d0');

INSERT INTO CHEF_DISH (CHEF_ID,DISH_ID,CHEF_DISH_STATUS)
VALUES ('C00026','D00001','d1');
INSERT INTO CHEF_DISH (CHEF_ID,DISH_ID,CHEF_DISH_STATUS)
VALUES ('C00026','D00002','d1');
INSERT INTO CHEF_DISH (CHEF_ID,DISH_ID,CHEF_DISH_STATUS)
VALUES ('C00026','D00003','d1');
INSERT INTO CHEF_DISH (CHEF_ID,DISH_ID,CHEF_DISH_STATUS)
VALUES ('C00026','D00004','d1');
INSERT INTO CHEF_DISH (CHEF_ID,DISH_ID,CHEF_DISH_STATUS)
VALUES ('C00026','D00005','d1');
INSERT INTO CHEF_DISH (CHEF_ID,DISH_ID,CHEF_DISH_STATUS)
VALUES ('C00026','D00006','d1');
INSERT INTO CHEF_DISH (CHEF_ID,DISH_ID,CHEF_DISH_STATUS)
VALUES ('C00026','D00007','d1');
INSERT INTO CHEF_DISH (CHEF_ID,DISH_ID,CHEF_DISH_STATUS)
VALUES ('C00026','D00008','d1');
INSERT INTO CHEF_DISH (CHEF_ID,DISH_ID,CHEF_DISH_STATUS)
VALUES ('C00026','D00009','d0');
INSERT INTO CHEF_DISH (CHEF_ID,DISH_ID,CHEF_DISH_STATUS)
VALUES ('C00026','D00010','d1');
INSERT INTO CHEF_DISH (CHEF_ID,DISH_ID,CHEF_DISH_STATUS)
VALUES ('C00026','D00011','d1');
INSERT INTO CHEF_DISH (CHEF_ID,DISH_ID,CHEF_DISH_STATUS)
VALUES ('C00026','D00012','d1');
INSERT INTO CHEF_DISH (CHEF_ID,DISH_ID,CHEF_DISH_STATUS)
VALUES ('C00026','D00013','d1');
INSERT INTO CHEF_DISH (CHEF_ID,DISH_ID,CHEF_DISH_STATUS)
VALUES ('C00026','D00014','d1');
INSERT INTO CHEF_DISH (CHEF_ID,DISH_ID,CHEF_DISH_STATUS)
VALUES ('C00026','D00015','d1');
INSERT INTO CHEF_DISH (CHEF_ID,DISH_ID,CHEF_DISH_STATUS)
VALUES ('C00026','D00016','d0');
INSERT INTO CHEF_DISH (CHEF_ID,DISH_ID,CHEF_DISH_STATUS)
VALUES ('C00026','D00017','d1');
INSERT INTO CHEF_DISH (CHEF_ID,DISH_ID,CHEF_DISH_STATUS)
VALUES ('C00026','D00018','d1');
INSERT INTO CHEF_DISH (CHEF_ID,DISH_ID,CHEF_DISH_STATUS)
VALUES ('C00026','D00019','d1');
INSERT INTO CHEF_DISH (CHEF_ID,DISH_ID,CHEF_DISH_STATUS)
VALUES ('C00026','D00020','d1');

-----------------------------------------------------------------
--FAV_FD_SUP--
INSERT INTO FAV_FD_SUP (CHEF_ID,FOOD_SUP_ID,FAV_FD_SUP_NOTE)
VALUES ('C00002','C00003','食材新鮮,肉質軟嫩');
INSERT INTO FAV_FD_SUP (CHEF_ID,FOOD_SUP_ID,FAV_FD_SUP_NOTE)
VALUES ('C00002','C00005','送貨迅速,品質良好');
INSERT INTO FAV_FD_SUP (CHEF_ID,FOOD_SUP_ID,FAV_FD_SUP_NOTE)
VALUES ('C00002','C00007','高cp,服務態度優');

INSERT INTO FAV_FD_SUP (CHEF_ID,FOOD_SUP_ID,FAV_FD_SUP_NOTE)
VALUES ('C00004','C00003','食材新鮮,肉質軟嫩');
INSERT INTO FAV_FD_SUP (CHEF_ID,FOOD_SUP_ID,FAV_FD_SUP_NOTE)
VALUES ('C00004','C00005','送貨迅速,品質良好');
INSERT INTO FAV_FD_SUP (CHEF_ID,FOOD_SUP_ID,FAV_FD_SUP_NOTE)
VALUES ('C00004','C00007','高cp,服務態度優');

INSERT INTO FAV_FD_SUP (CHEF_ID,FOOD_SUP_ID,FAV_FD_SUP_NOTE)
VALUES ('C00006','C00003','食材新鮮,肉質軟嫩');
INSERT INTO FAV_FD_SUP (CHEF_ID,FOOD_SUP_ID,FAV_FD_SUP_NOTE)
VALUES ('C00006','C00005','送貨迅速,品質良好');
INSERT INTO FAV_FD_SUP (CHEF_ID,FOOD_SUP_ID,FAV_FD_SUP_NOTE)
VALUES ('C00006','C00007','高cp,服務態度優');

INSERT INTO FAV_FD_SUP (CHEF_ID,FOOD_SUP_ID,FAV_FD_SUP_NOTE)
VALUES ('C00008','C00003','食材新鮮,肉質軟嫩');
INSERT INTO FAV_FD_SUP (CHEF_ID,FOOD_SUP_ID,FAV_FD_SUP_NOTE)
VALUES ('C00008','C00005','送貨迅速,品質良好');
INSERT INTO FAV_FD_SUP (CHEF_ID,FOOD_SUP_ID,FAV_FD_SUP_NOTE)
VALUES ('C00008','C00007','高cp,服務態度優');

INSERT INTO FAV_FD_SUP (CHEF_ID,FOOD_SUP_ID,FAV_FD_SUP_NOTE)
VALUES ('C00010','C00003','食材新鮮,肉質軟嫩');
INSERT INTO FAV_FD_SUP (CHEF_ID,FOOD_SUP_ID,FAV_FD_SUP_NOTE)
VALUES ('C00010','C00005','送貨迅速,品質良好');
INSERT INTO FAV_FD_SUP (CHEF_ID,FOOD_SUP_ID,FAV_FD_SUP_NOTE)
VALUES ('C00010','C00007','高cp,服務態度優');

INSERT INTO FAV_FD_SUP (CHEF_ID,FOOD_SUP_ID,FAV_FD_SUP_NOTE)
VALUES ('C00012','C00003','食材新鮮,肉質軟嫩');
INSERT INTO FAV_FD_SUP (CHEF_ID,FOOD_SUP_ID,FAV_FD_SUP_NOTE)
VALUES ('C00012','C00005','送貨迅速,品質良好');
INSERT INTO FAV_FD_SUP (CHEF_ID,FOOD_SUP_ID,FAV_FD_SUP_NOTE)
VALUES ('C00012','C00007','高cp,服務態度優');

INSERT INTO FAV_FD_SUP (CHEF_ID,FOOD_SUP_ID,FAV_FD_SUP_NOTE)
VALUES ('C00014','C00003','食材新鮮,肉質軟嫩');
INSERT INTO FAV_FD_SUP (CHEF_ID,FOOD_SUP_ID,FAV_FD_SUP_NOTE)
VALUES ('C00014','C00005','送貨迅速,品質良好');
INSERT INTO FAV_FD_SUP (CHEF_ID,FOOD_SUP_ID,FAV_FD_SUP_NOTE)
VALUES ('C00014','C00007','高cp,服務態度優');

INSERT INTO FAV_FD_SUP (CHEF_ID,FOOD_SUP_ID,FAV_FD_SUP_NOTE)
VALUES ('C00016','C00003','食材新鮮,肉質軟嫩');
INSERT INTO FAV_FD_SUP (CHEF_ID,FOOD_SUP_ID,FAV_FD_SUP_NOTE)
VALUES ('C00016','C00005','送貨迅速,品質良好');
INSERT INTO FAV_FD_SUP (CHEF_ID,FOOD_SUP_ID,FAV_FD_SUP_NOTE)
VALUES ('C00016','C00007','高cp,服務態度優');

INSERT INTO FAV_FD_SUP (CHEF_ID,FOOD_SUP_ID,FAV_FD_SUP_NOTE)
VALUES ('C00018','C00003','食材新鮮,肉質軟嫩');
INSERT INTO FAV_FD_SUP (CHEF_ID,FOOD_SUP_ID,FAV_FD_SUP_NOTE)
VALUES ('C00018','C00005','送貨迅速,品質良好');
INSERT INTO FAV_FD_SUP (CHEF_ID,FOOD_SUP_ID,FAV_FD_SUP_NOTE)
VALUES ('C00018','C00007','高cp,服務態度優');

INSERT INTO FAV_FD_SUP (CHEF_ID,FOOD_SUP_ID,FAV_FD_SUP_NOTE)
VALUES ('C00020','C00003','食材新鮮,肉質軟嫩');
INSERT INTO FAV_FD_SUP (CHEF_ID,FOOD_SUP_ID,FAV_FD_SUP_NOTE)
VALUES ('C00020','C00005','送貨迅速,品質良好');
INSERT INTO FAV_FD_SUP (CHEF_ID,FOOD_SUP_ID,FAV_FD_SUP_NOTE)
VALUES ('C00020','C00007','高cp,服務態度優');

INSERT INTO FAV_FD_SUP (CHEF_ID,FOOD_SUP_ID,FAV_FD_SUP_NOTE)
VALUES ('C00022','C00003','食材新鮮,肉質軟嫩');
INSERT INTO FAV_FD_SUP (CHEF_ID,FOOD_SUP_ID,FAV_FD_SUP_NOTE)
VALUES ('C00022','C00005','送貨迅速,品質良好');
INSERT INTO FAV_FD_SUP (CHEF_ID,FOOD_SUP_ID,FAV_FD_SUP_NOTE)
VALUES ('C00022','C00007','高cp,服務態度優');

INSERT INTO FAV_FD_SUP (CHEF_ID,FOOD_SUP_ID,FAV_FD_SUP_NOTE)
VALUES ('C00024','C00003','食材新鮮,肉質軟嫩');
INSERT INTO FAV_FD_SUP (CHEF_ID,FOOD_SUP_ID,FAV_FD_SUP_NOTE)
VALUES ('C00024','C00005','送貨迅速,品質良好');
INSERT INTO FAV_FD_SUP (CHEF_ID,FOOD_SUP_ID,FAV_FD_SUP_NOTE)
VALUES ('C00024','C00007','高cp,服務態度優');

INSERT INTO FAV_FD_SUP (CHEF_ID,FOOD_SUP_ID,FAV_FD_SUP_NOTE)
VALUES ('C00026','C00003','食材新鮮,肉質軟嫩');
INSERT INTO FAV_FD_SUP (CHEF_ID,FOOD_SUP_ID,FAV_FD_SUP_NOTE)
VALUES ('C00026','C00005','送貨迅速,品質良好');
INSERT INTO FAV_FD_SUP (CHEF_ID,FOOD_SUP_ID,FAV_FD_SUP_NOTE)
VALUES ('C00026','C00007','高cp,服務態度優');

-----------------------------------------------------------------
--MENU_ORDER--
INSERT INTO MENU_ORDER (MENU_OD_ID,MENU_OD_STATUS,MENU_OD_START,MENU_OD_BOOK,CUST_ID,CHEF_ID,MENU_ID) 
VALUES ('MU'||TO_CHAR(CURRENT_DATE, 'YYYYMMDD')||'-'||LPAD(TO_CHAR(MENU_OD_ID_SEQ.NEXTVAL), 6, '0'),'g2',SYSDATE,TO_DATE('2019-04-10 12:00:00', 'YYYY-MM-DD HH24:MI:SS'),'C00001','C00002','M00001');

INSERT INTO MENU_ORDER (MENU_OD_ID,MENU_OD_STATUS,MENU_OD_START,MENU_OD_BOOK,CUST_ID,CHEF_ID,MENU_ID) 
VALUES ('MU'||TO_CHAR(CURRENT_DATE, 'YYYYMMDD')||'-'||LPAD(TO_CHAR(MENU_OD_ID_SEQ.NEXTVAL), 6, '0'),'g0',SYSDATE,TO_DATE('2019-04-15 18:00:00', 'YYYY-MM-DD HH24:MI:SS'),'C00001','C00002','M00002');

INSERT INTO MENU_ORDER (MENU_OD_ID,MENU_OD_STATUS,MENU_OD_START,MENU_OD_BOOK,CUST_ID,CHEF_ID,MENU_ID) 
VALUES ('MU'||TO_CHAR(CURRENT_DATE, 'YYYYMMDD')||'-'||LPAD(TO_CHAR(MENU_OD_ID_SEQ.NEXTVAL), 6, '0'),'g0',SYSDATE,TO_DATE('2019-04-20 12:00:00', 'YYYY-MM-DD HH24:MI:SS'),'C00001','C00002','M00003');

INSERT INTO MENU_ORDER (MENU_OD_ID,MENU_OD_STATUS,MENU_OD_START,MENU_OD_BOOK,CUST_ID,CHEF_ID,MENU_ID) 
VALUES ('MU'||TO_CHAR(CURRENT_DATE, 'YYYYMMDD')||'-'||LPAD(TO_CHAR(MENU_OD_ID_SEQ.NEXTVAL), 6, '0'),'g0',SYSDATE,TO_DATE('2019-04-23 09:00:00', 'YYYY-MM-DD HH24:MI:SS'),'C00001','C00002','M00004');

INSERT INTO MENU_ORDER (MENU_OD_ID,MENU_OD_STATUS,MENU_OD_START,MENU_OD_BOOK,CUST_ID,CHEF_ID,MENU_ID) 
VALUES ('MU'||TO_CHAR(CURRENT_DATE, 'YYYYMMDD')||'-'||LPAD(TO_CHAR(MENU_OD_ID_SEQ.NEXTVAL), 6, '0'),'g1',SYSDATE,TO_DATE('2019-04-25 12:00:00', 'YYYY-MM-DD HH24:MI:SS'),'C00001','C00002','M00001');

INSERT INTO MENU_ORDER (MENU_OD_ID,MENU_OD_STATUS,MENU_OD_START,MENU_OD_BOOK,CUST_ID,CHEF_ID,MENU_ID) 
VALUES ('MU'||TO_CHAR(CURRENT_DATE, 'YYYYMMDD')||'-'||LPAD(TO_CHAR(MENU_OD_ID_SEQ.NEXTVAL), 6, '0'),'g0',SYSDATE,TO_DATE('2019-04-30 18:00:00', 'YYYY-MM-DD HH24:MI:SS'),'C00001','C00002','M00002');

INSERT INTO MENU_ORDER (MENU_OD_ID,MENU_OD_STATUS,MENU_OD_START,MENU_OD_BOOK,CUST_ID,CHEF_ID,MENU_ID) 
VALUES ('MU'||TO_CHAR(CURRENT_DATE, 'YYYYMMDD')||'-'||LPAD(TO_CHAR(MENU_OD_ID_SEQ.NEXTVAL), 6, '0'),'g2',SYSDATE,TO_DATE('2019-04-10 12:00:00', 'YYYY-MM-DD HH24:MI:SS'),'C00001','C00004','M00001');

INSERT INTO MENU_ORDER (MENU_OD_ID,MENU_OD_STATUS,MENU_OD_START,MENU_OD_BOOK,CUST_ID,CHEF_ID,MENU_ID) 
VALUES ('MU'||TO_CHAR(CURRENT_DATE, 'YYYYMMDD')||'-'||LPAD(TO_CHAR(MENU_OD_ID_SEQ.NEXTVAL), 6, '0'),'g0',SYSDATE,TO_DATE('2019-04-15 18:00:00', 'YYYY-MM-DD HH24:MI:SS'),'C00001','C00004','M00002');

INSERT INTO MENU_ORDER (MENU_OD_ID,MENU_OD_STATUS,MENU_OD_START,MENU_OD_BOOK,CUST_ID,CHEF_ID,MENU_ID) 
VALUES ('MU'||TO_CHAR(CURRENT_DATE, 'YYYYMMDD')||'-'||LPAD(TO_CHAR(MENU_OD_ID_SEQ.NEXTVAL), 6, '0'),'g1',SYSDATE,TO_DATE('2019-04-20 12:00:00', 'YYYY-MM-DD HH24:MI:SS'),'C00001','C00004','M00003');

INSERT INTO MENU_ORDER (MENU_OD_ID,MENU_OD_STATUS,MENU_OD_START,MENU_OD_BOOK,CUST_ID,CHEF_ID,MENU_ID) 
VALUES ('MU'||TO_CHAR(CURRENT_DATE, 'YYYYMMDD')||'-'||LPAD(TO_CHAR(MENU_OD_ID_SEQ.NEXTVAL), 6, '0'),'g0',SYSDATE,TO_DATE('2019-04-23 09:00:00', 'YYYY-MM-DD HH24:MI:SS'),'C00001','C00004','M00004');

INSERT INTO MENU_ORDER (MENU_OD_ID,MENU_OD_STATUS,MENU_OD_START,MENU_OD_BOOK,CUST_ID,CHEF_ID,MENU_ID) 
VALUES ('MU'||TO_CHAR(CURRENT_DATE, 'YYYYMMDD')||'-'||LPAD(TO_CHAR(MENU_OD_ID_SEQ.NEXTVAL), 6, '0'),'g0',SYSDATE,TO_DATE('2019-04-25 12:00:00', 'YYYY-MM-DD HH24:MI:SS'),'C00001','C00004','M00001');

INSERT INTO MENU_ORDER (MENU_OD_ID,MENU_OD_STATUS,MENU_OD_START,MENU_OD_BOOK,CUST_ID,CHEF_ID,MENU_ID) 
VALUES ('MU'||TO_CHAR(CURRENT_DATE, 'YYYYMMDD')||'-'||LPAD(TO_CHAR(MENU_OD_ID_SEQ.NEXTVAL), 6, '0'),'g2',SYSDATE,TO_DATE('2019-04-30 18:00:00', 'YYYY-MM-DD HH24:MI:SS'),'C00001','C00004','M00002');


INSERT INTO MENU_ORDER (MENU_OD_ID,MENU_OD_STATUS,MENU_OD_START,MENU_OD_BOOK,CUST_ID,CHEF_ID,MENU_ID) 
VALUES ('MU'||TO_CHAR(CURRENT_DATE, 'YYYYMMDD')||'-'||LPAD(TO_CHAR(MENU_OD_ID_SEQ.NEXTVAL), 6, '0'),'g0',SYSDATE,TO_DATE('2019-04-10 12:00:00', 'YYYY-MM-DD HH24:MI:SS'),'C00001','C00006','M00001');

INSERT INTO MENU_ORDER (MENU_OD_ID,MENU_OD_STATUS,MENU_OD_START,MENU_OD_BOOK,CUST_ID,CHEF_ID,MENU_ID) 
VALUES ('MU'||TO_CHAR(CURRENT_DATE, 'YYYYMMDD')||'-'||LPAD(TO_CHAR(MENU_OD_ID_SEQ.NEXTVAL), 6, '0'),'g0',SYSDATE,TO_DATE('2019-04-15 18:00:00', 'YYYY-MM-DD HH24:MI:SS'),'C00001','C00006','M00002');

INSERT INTO MENU_ORDER (MENU_OD_ID,MENU_OD_STATUS,MENU_OD_START,MENU_OD_BOOK,CUST_ID,CHEF_ID,MENU_ID)
VALUES ('MU'||TO_CHAR(CURRENT_DATE, 'YYYYMMDD')||'-'||LPAD(TO_CHAR(MENU_OD_ID_SEQ.NEXTVAL), 6, '0'),'g1',SYSDATE,TO_DATE('2019-04-20 12:00:00', 'YYYY-MM-DD HH24:MI:SS'),'C00001','C00006','M00003');

INSERT INTO MENU_ORDER (MENU_OD_ID,MENU_OD_STATUS,MENU_OD_START,MENU_OD_BOOK,CUST_ID,CHEF_ID,MENU_ID) 
VALUES ('MU'||TO_CHAR(CURRENT_DATE, 'YYYYMMDD')||'-'||LPAD(TO_CHAR(MENU_OD_ID_SEQ.NEXTVAL), 6, '0'),'g0',SYSDATE,TO_DATE('2019-04-23 09:00:00', 'YYYY-MM-DD HH24:MI:SS'),'C00001','C00006','M00004');

INSERT INTO MENU_ORDER (MENU_OD_ID,MENU_OD_STATUS,MENU_OD_START,MENU_OD_BOOK,CUST_ID,CHEF_ID,MENU_ID) 
VALUES ('MU'||TO_CHAR(CURRENT_DATE, 'YYYYMMDD')||'-'||LPAD(TO_CHAR(MENU_OD_ID_SEQ.NEXTVAL), 6, '0'),'g2',SYSDATE,TO_DATE('2019-04-25 12:00:00', 'YYYY-MM-DD HH24:MI:SS'),'C00001','C00006','M00001');

INSERT INTO MENU_ORDER (MENU_OD_ID,MENU_OD_STATUS,MENU_OD_START,MENU_OD_BOOK,CUST_ID,CHEF_ID,MENU_ID) 
VALUES ('MU'||TO_CHAR(CURRENT_DATE, 'YYYYMMDD')||'-'||LPAD(TO_CHAR(MENU_OD_ID_SEQ.NEXTVAL), 6, '0'),'g0',SYSDATE,TO_DATE('2019-04-30 18:00:00', 'YYYY-MM-DD HH24:MI:SS'),'C00001','C00006','M00002');


INSERT INTO MENU_ORDER (MENU_OD_ID,MENU_OD_STATUS,MENU_OD_START,MENU_OD_BOOK,CUST_ID,CHEF_ID,MENU_ID) 
VALUES ('MU'||TO_CHAR(CURRENT_DATE, 'YYYYMMDD')||'-'||LPAD(TO_CHAR(MENU_OD_ID_SEQ.NEXTVAL), 6, '0'),'g0',SYSDATE,TO_DATE('2019-04-10 12:00:00', 'YYYY-MM-DD HH24:MI:SS'),'C00001','C00008','M00001');

INSERT INTO MENU_ORDER (MENU_OD_ID,MENU_OD_STATUS,MENU_OD_START,MENU_OD_BOOK,CUST_ID,CHEF_ID,MENU_ID) 
VALUES ('MU'||TO_CHAR(CURRENT_DATE, 'YYYYMMDD')||'-'||LPAD(TO_CHAR(MENU_OD_ID_SEQ.NEXTVAL), 6, '0'),'g0',SYSDATE,TO_DATE('2019-04-15 18:00:00', 'YYYY-MM-DD HH24:MI:SS'),'C00001','C00008','M00002');

INSERT INTO MENU_ORDER (MENU_OD_ID,MENU_OD_STATUS,MENU_OD_START,MENU_OD_BOOK,CUST_ID,CHEF_ID,MENU_ID) 
VALUES ('MU'||TO_CHAR(CURRENT_DATE, 'YYYYMMDD')||'-'||LPAD(TO_CHAR(MENU_OD_ID_SEQ.NEXTVAL), 6, '0'),'g1',SYSDATE,TO_DATE('2019-04-20 12:00:00', 'YYYY-MM-DD HH24:MI:SS'),'C00001','C00008','M00003');

INSERT INTO MENU_ORDER (MENU_OD_ID,MENU_OD_STATUS,MENU_OD_START,MENU_OD_BOOK,CUST_ID,CHEF_ID,MENU_ID) 
VALUES ('MU'||TO_CHAR(CURRENT_DATE, 'YYYYMMDD')||'-'||LPAD(TO_CHAR(MENU_OD_ID_SEQ.NEXTVAL), 6, '0'),'g0',SYSDATE,TO_DATE('2019-04-23 09:00:00', 'YYYY-MM-DD HH24:MI:SS'),'C00001','C00008','M00004');

INSERT INTO MENU_ORDER (MENU_OD_ID,MENU_OD_STATUS,MENU_OD_START,MENU_OD_BOOK,CUST_ID,CHEF_ID,MENU_ID) 
VALUES ('MU'||TO_CHAR(CURRENT_DATE, 'YYYYMMDD')||'-'||LPAD(TO_CHAR(MENU_OD_ID_SEQ.NEXTVAL), 6, '0'),'g0',SYSDATE,TO_DATE('2019-04-25 12:00:00', 'YYYY-MM-DD HH24:MI:SS'),'C00001','C00008','M00001');

INSERT INTO MENU_ORDER (MENU_OD_ID,MENU_OD_STATUS,MENU_OD_START,MENU_OD_BOOK,CUST_ID,CHEF_ID,MENU_ID) 
VALUES ('MU'||TO_CHAR(CURRENT_DATE, 'YYYYMMDD')||'-'||LPAD(TO_CHAR(MENU_OD_ID_SEQ.NEXTVAL), 6, '0'),'g0',SYSDATE,TO_DATE('2019-04-30 18:00:00', 'YYYY-MM-DD HH24:MI:SS'),'C00001','C00008','M00002');

INSERT INTO MENU_ORDER (MENU_OD_ID,MENU_OD_STATUS,MENU_OD_START,MENU_OD_BOOK,CUST_ID,CHEF_ID,MENU_ID) 
VALUES ('MU'||TO_CHAR(CURRENT_DATE, 'YYYYMMDD')||'-'||LPAD(TO_CHAR(MENU_OD_ID_SEQ.NEXTVAL), 6, '0'),'g2',SYSDATE,TO_DATE('2019-04-10 12:00:00', 'YYYY-MM-DD HH24:MI:SS'),'C00001','C00010','M00001');

INSERT INTO MENU_ORDER (MENU_OD_ID,MENU_OD_STATUS,MENU_OD_START,MENU_OD_BOOK,CUST_ID,CHEF_ID,MENU_ID) 
VALUES ('MU'||TO_CHAR(CURRENT_DATE, 'YYYYMMDD')||'-'||LPAD(TO_CHAR(MENU_OD_ID_SEQ.NEXTVAL), 6, '0'),'g0',SYSDATE,TO_DATE('2019-04-15 18:00:00', 'YYYY-MM-DD HH24:MI:SS'),'C00001','C00010','M00002');

INSERT INTO MENU_ORDER (MENU_OD_ID,MENU_OD_STATUS,MENU_OD_START,MENU_OD_BOOK,CUST_ID,CHEF_ID,MENU_ID) 
VALUES ('MU'||TO_CHAR(CURRENT_DATE, 'YYYYMMDD')||'-'||LPAD(TO_CHAR(MENU_OD_ID_SEQ.NEXTVAL), 6, '0'),'g0',SYSDATE,TO_DATE('2019-04-20 12:00:00', 'YYYY-MM-DD HH24:MI:SS'),'C00001','C00010','M00003');

INSERT INTO MENU_ORDER (MENU_OD_ID,MENU_OD_STATUS,MENU_OD_START,MENU_OD_BOOK,CUST_ID,CHEF_ID,MENU_ID) 
VALUES ('MU'||TO_CHAR(CURRENT_DATE, 'YYYYMMDD')||'-'||LPAD(TO_CHAR(MENU_OD_ID_SEQ.NEXTVAL), 6, '0'),'g1',SYSDATE,TO_DATE('2019-04-23 09:00:00', 'YYYY-MM-DD HH24:MI:SS'),'C00001','C00010','M00004');

INSERT INTO MENU_ORDER (MENU_OD_ID,MENU_OD_STATUS,MENU_OD_START,MENU_OD_BOOK,CUST_ID,CHEF_ID,MENU_ID) 
VALUES ('MU'||TO_CHAR(CURRENT_DATE, 'YYYYMMDD')||'-'||LPAD(TO_CHAR(MENU_OD_ID_SEQ.NEXTVAL), 6, '0'),'g0',SYSDATE,TO_DATE('2019-04-25 12:00:00', 'YYYY-MM-DD HH24:MI:SS'),'C00001','C00010','M00001');

INSERT INTO MENU_ORDER (MENU_OD_ID,MENU_OD_STATUS,MENU_OD_START,MENU_OD_BOOK,CUST_ID,CHEF_ID,MENU_ID) 
VALUES ('MU'||TO_CHAR(CURRENT_DATE, 'YYYYMMDD')||'-'||LPAD(TO_CHAR(MENU_OD_ID_SEQ.NEXTVAL), 6, '0'),'g0',SYSDATE,TO_DATE('2019-04-30 18:00:00', 'YYYY-MM-DD HH24:MI:SS'),'C00001','C00010','M00002');


INSERT INTO MENU_ORDER (MENU_OD_ID,MENU_OD_STATUS,MENU_OD_START,MENU_OD_BOOK,CUST_ID,CHEF_ID,MENU_ID) 
VALUES ('MU'||TO_CHAR(CURRENT_DATE, 'YYYYMMDD')||'-'||LPAD(TO_CHAR(MENU_OD_ID_SEQ.NEXTVAL), 6, '0'),'g0',SYSDATE,TO_DATE('2019-04-10 12:00:00', 'YYYY-MM-DD HH24:MI:SS'),'C00001','C00012','M00001');

INSERT INTO MENU_ORDER (MENU_OD_ID,MENU_OD_STATUS,MENU_OD_START,MENU_OD_BOOK,CUST_ID,CHEF_ID,MENU_ID) 
VALUES ('MU'||TO_CHAR(CURRENT_DATE, 'YYYYMMDD')||'-'||LPAD(TO_CHAR(MENU_OD_ID_SEQ.NEXTVAL), 6, '0'),'g0',SYSDATE,TO_DATE('2019-04-15 18:00:00', 'YYYY-MM-DD HH24:MI:SS'),'C00001','C00012','M00002');

INSERT INTO MENU_ORDER (MENU_OD_ID,MENU_OD_STATUS,MENU_OD_START,MENU_OD_BOOK,CUST_ID,CHEF_ID,MENU_ID) 
VALUES ('MU'||TO_CHAR(CURRENT_DATE, 'YYYYMMDD')||'-'||LPAD(TO_CHAR(MENU_OD_ID_SEQ.NEXTVAL), 6, '0'),'g2',SYSDATE,TO_DATE('2019-04-20 12:00:00', 'YYYY-MM-DD HH24:MI:SS'),'C00001','C00012','M00003');

INSERT INTO MENU_ORDER (MENU_OD_ID,MENU_OD_STATUS,MENU_OD_START,MENU_OD_BOOK,CUST_ID,CHEF_ID,MENU_ID) 
VALUES ('MU'||TO_CHAR(CURRENT_DATE, 'YYYYMMDD')||'-'||LPAD(TO_CHAR(MENU_OD_ID_SEQ.NEXTVAL), 6, '0'),'g0',SYSDATE,TO_DATE('2019-04-23 09:00:00', 'YYYY-MM-DD HH24:MI:SS'),'C00001','C00012','M00004');

INSERT INTO MENU_ORDER (MENU_OD_ID,MENU_OD_STATUS,MENU_OD_START,MENU_OD_BOOK,CUST_ID,CHEF_ID,MENU_ID) 
VALUES ('MU'||TO_CHAR(CURRENT_DATE, 'YYYYMMDD')||'-'||LPAD(TO_CHAR(MENU_OD_ID_SEQ.NEXTVAL), 6, '0'),'g1',SYSDATE,TO_DATE('2019-04-25 12:00:00', 'YYYY-MM-DD HH24:MI:SS'),'C00001','C00012','M00001');

INSERT INTO MENU_ORDER (MENU_OD_ID,MENU_OD_STATUS,MENU_OD_START,MENU_OD_BOOK,CUST_ID,CHEF_ID,MENU_ID) 
VALUES ('MU'||TO_CHAR(CURRENT_DATE, 'YYYYMMDD')||'-'||LPAD(TO_CHAR(MENU_OD_ID_SEQ.NEXTVAL), 6, '0'),'g0',SYSDATE,TO_DATE('2019-04-30 18:00:00', 'YYYY-MM-DD HH24:MI:SS'),'C00001','C00012','M00002');


INSERT INTO MENU_ORDER (MENU_OD_ID,MENU_OD_STATUS,MENU_OD_START,MENU_OD_BOOK,CUST_ID,CHEF_ID,MENU_ID) 
VALUES ('MU'||TO_CHAR(CURRENT_DATE, 'YYYYMMDD')||'-'||LPAD(TO_CHAR(MENU_OD_ID_SEQ.NEXTVAL), 6, '0'),'g0',SYSDATE,TO_DATE('2019-04-10 12:00:00', 'YYYY-MM-DD HH24:MI:SS'),'C00001','C00014','M00001');

INSERT INTO MENU_ORDER (MENU_OD_ID,MENU_OD_STATUS,MENU_OD_START,MENU_OD_BOOK,CUST_ID,CHEF_ID,MENU_ID) 
VALUES ('MU'||TO_CHAR(CURRENT_DATE, 'YYYYMMDD')||'-'||LPAD(TO_CHAR(MENU_OD_ID_SEQ.NEXTVAL), 6, '0'),'g0',SYSDATE,TO_DATE('2019-04-15 18:00:00', 'YYYY-MM-DD HH24:MI:SS'),'C00001','C00014','M00002');

INSERT INTO MENU_ORDER (MENU_OD_ID,MENU_OD_STATUS,MENU_OD_START,MENU_OD_BOOK,CUST_ID,CHEF_ID,MENU_ID) 
VALUES ('MU'||TO_CHAR(CURRENT_DATE, 'YYYYMMDD')||'-'||LPAD(TO_CHAR(MENU_OD_ID_SEQ.NEXTVAL), 6, '0'),'g2',SYSDATE,TO_DATE('2019-04-20 12:00:00', 'YYYY-MM-DD HH24:MI:SS'),'C00001','C00014','M00003');

INSERT INTO MENU_ORDER (MENU_OD_ID,MENU_OD_STATUS,MENU_OD_START,MENU_OD_BOOK,CUST_ID,CHEF_ID,MENU_ID) 
VALUES ('MU'||TO_CHAR(CURRENT_DATE, 'YYYYMMDD')||'-'||LPAD(TO_CHAR(MENU_OD_ID_SEQ.NEXTVAL), 6, '0'),'g0',SYSDATE,TO_DATE('2019-04-23 09:00:00', 'YYYY-MM-DD HH24:MI:SS'),'C00001','C00014','M00004');

INSERT INTO MENU_ORDER (MENU_OD_ID,MENU_OD_STATUS,MENU_OD_START,MENU_OD_BOOK,CUST_ID,CHEF_ID,MENU_ID) 
VALUES ('MU'||TO_CHAR(CURRENT_DATE, 'YYYYMMDD')||'-'||LPAD(TO_CHAR(MENU_OD_ID_SEQ.NEXTVAL), 6, '0'),'g1',SYSDATE,TO_DATE('2019-04-25 12:00:00', 'YYYY-MM-DD HH24:MI:SS'),'C00001','C00014','M00001');

INSERT INTO MENU_ORDER (MENU_OD_ID,MENU_OD_STATUS,MENU_OD_START,MENU_OD_BOOK,CUST_ID,CHEF_ID,MENU_ID) 
VALUES ('MU'||TO_CHAR(CURRENT_DATE, 'YYYYMMDD')||'-'||LPAD(TO_CHAR(MENU_OD_ID_SEQ.NEXTVAL), 6, '0'),'g0',SYSDATE,TO_DATE('2019-04-30 18:00:00', 'YYYY-MM-DD HH24:MI:SS'),'C00001','C00014','M00002');


INSERT INTO MENU_ORDER (MENU_OD_ID,MENU_OD_STATUS,MENU_OD_START,MENU_OD_BOOK,CUST_ID,CHEF_ID,MENU_ID) 
VALUES ('MU'||TO_CHAR(CURRENT_DATE, 'YYYYMMDD')||'-'||LPAD(TO_CHAR(MENU_OD_ID_SEQ.NEXTVAL), 6, '0'),'g0',SYSDATE,TO_DATE('2019-04-10 12:00:00', 'YYYY-MM-DD HH24:MI:SS'),'C00001','C00016','M00001');

INSERT INTO MENU_ORDER (MENU_OD_ID,MENU_OD_STATUS,MENU_OD_START,MENU_OD_BOOK,CUST_ID,CHEF_ID,MENU_ID) 
VALUES ('MU'||TO_CHAR(CURRENT_DATE, 'YYYYMMDD')||'-'||LPAD(TO_CHAR(MENU_OD_ID_SEQ.NEXTVAL), 6, '0'),'g0',SYSDATE,TO_DATE('2019-04-15 18:00:00', 'YYYY-MM-DD HH24:MI:SS'),'C00001','C00016','M00002');

INSERT INTO MENU_ORDER (MENU_OD_ID,MENU_OD_STATUS,MENU_OD_START,MENU_OD_BOOK,CUST_ID,CHEF_ID,MENU_ID) 
VALUES ('MU'||TO_CHAR(CURRENT_DATE, 'YYYYMMDD')||'-'||LPAD(TO_CHAR(MENU_OD_ID_SEQ.NEXTVAL), 6, '0'),'g2',SYSDATE,TO_DATE('2019-04-20 12:00:00', 'YYYY-MM-DD HH24:MI:SS'),'C00001','C00016','M00003');

INSERT INTO MENU_ORDER (MENU_OD_ID,MENU_OD_STATUS,MENU_OD_START,MENU_OD_BOOK,CUST_ID,CHEF_ID,MENU_ID) 
VALUES ('MU'||TO_CHAR(CURRENT_DATE, 'YYYYMMDD')||'-'||LPAD(TO_CHAR(MENU_OD_ID_SEQ.NEXTVAL), 6, '0'),'g0',SYSDATE,TO_DATE('2019-04-23 09:00:00', 'YYYY-MM-DD HH24:MI:SS'),'C00001','C00016','M00004');

INSERT INTO MENU_ORDER (MENU_OD_ID,MENU_OD_STATUS,MENU_OD_START,MENU_OD_BOOK,CUST_ID,CHEF_ID,MENU_ID) 
VALUES ('MU'||TO_CHAR(CURRENT_DATE, 'YYYYMMDD')||'-'||LPAD(TO_CHAR(MENU_OD_ID_SEQ.NEXTVAL), 6, '0'),'g0',SYSDATE,TO_DATE('2019-04-25 12:00:00', 'YYYY-MM-DD HH24:MI:SS'),'C00001','C00016','M00001');

INSERT INTO MENU_ORDER (MENU_OD_ID,MENU_OD_STATUS,MENU_OD_START,MENU_OD_BOOK,CUST_ID,CHEF_ID,MENU_ID) 
VALUES ('MU'||TO_CHAR(CURRENT_DATE, 'YYYYMMDD')||'-'||LPAD(TO_CHAR(MENU_OD_ID_SEQ.NEXTVAL), 6, '0'),'g1',SYSDATE,TO_DATE('2019-04-30 18:00:00', 'YYYY-MM-DD HH24:MI:SS'),'C00001','C00016','M00002');


INSERT INTO MENU_ORDER (MENU_OD_ID,MENU_OD_STATUS,MENU_OD_START,MENU_OD_BOOK,CUST_ID,CHEF_ID,MENU_ID) 
VALUES ('MU'||TO_CHAR(CURRENT_DATE, 'YYYYMMDD')||'-'||LPAD(TO_CHAR(MENU_OD_ID_SEQ.NEXTVAL), 6, '0'),'g0',SYSDATE,TO_DATE('2019-04-10 12:00:00', 'YYYY-MM-DD HH24:MI:SS'),'C00001','C00018','M00001');

INSERT INTO MENU_ORDER (MENU_OD_ID,MENU_OD_STATUS,MENU_OD_START,MENU_OD_BOOK,CUST_ID,CHEF_ID,MENU_ID) 
VALUES ('MU'||TO_CHAR(CURRENT_DATE, 'YYYYMMDD')||'-'||LPAD(TO_CHAR(MENU_OD_ID_SEQ.NEXTVAL), 6, '0'),'g2',SYSDATE,TO_DATE('2019-04-15 18:00:00', 'YYYY-MM-DD HH24:MI:SS'),'C00001','C00018','M00002');

INSERT INTO MENU_ORDER (MENU_OD_ID,MENU_OD_STATUS,MENU_OD_START,MENU_OD_BOOK,CUST_ID,CHEF_ID,MENU_ID) 
VALUES ('MU'||TO_CHAR(CURRENT_DATE, 'YYYYMMDD')||'-'||LPAD(TO_CHAR(MENU_OD_ID_SEQ.NEXTVAL), 6, '0'),'g0',SYSDATE,TO_DATE('2019-04-20 12:00:00', 'YYYY-MM-DD HH24:MI:SS'),'C00001','C00018','M00003');

INSERT INTO MENU_ORDER (MENU_OD_ID,MENU_OD_STATUS,MENU_OD_START,MENU_OD_BOOK,CUST_ID,CHEF_ID,MENU_ID) 
VALUES ('MU'||TO_CHAR(CURRENT_DATE, 'YYYYMMDD')||'-'||LPAD(TO_CHAR(MENU_OD_ID_SEQ.NEXTVAL), 6, '0'),'g0',SYSDATE,TO_DATE('2019-04-23 09:00:00', 'YYYY-MM-DD HH24:MI:SS'),'C00001','C00018','M00004');

INSERT INTO MENU_ORDER (MENU_OD_ID,MENU_OD_STATUS,MENU_OD_START,MENU_OD_BOOK,CUST_ID,CHEF_ID,MENU_ID) 
VALUES ('MU'||TO_CHAR(CURRENT_DATE, 'YYYYMMDD')||'-'||LPAD(TO_CHAR(MENU_OD_ID_SEQ.NEXTVAL), 6, '0'),'g0',SYSDATE,TO_DATE('2019-04-25 12:00:00', 'YYYY-MM-DD HH24:MI:SS'),'C00001','C00018','M00001');

INSERT INTO MENU_ORDER (MENU_OD_ID,MENU_OD_STATUS,MENU_OD_START,MENU_OD_BOOK,CUST_ID,CHEF_ID,MENU_ID) 
VALUES ('MU'||TO_CHAR(CURRENT_DATE, 'YYYYMMDD')||'-'||LPAD(TO_CHAR(MENU_OD_ID_SEQ.NEXTVAL), 6, '0'),'g0',SYSDATE,TO_DATE('2019-04-30 18:00:00', 'YYYY-MM-DD HH24:MI:SS'),'C00001','C00018','M00002');


INSERT INTO MENU_ORDER (MENU_OD_ID,MENU_OD_STATUS,MENU_OD_START,MENU_OD_BOOK,CUST_ID,CHEF_ID,MENU_ID) 
VALUES ('MU'||TO_CHAR(CURRENT_DATE, 'YYYYMMDD')||'-'||LPAD(TO_CHAR(MENU_OD_ID_SEQ.NEXTVAL), 6, '0'),'g2',SYSDATE,TO_DATE('2019-04-10 12:00:00', 'YYYY-MM-DD HH24:MI:SS'),'C00001','C00020','M00001');

INSERT INTO MENU_ORDER (MENU_OD_ID,MENU_OD_STATUS,MENU_OD_START,MENU_OD_BOOK,CUST_ID,CHEF_ID,MENU_ID) 
VALUES ('MU'||TO_CHAR(CURRENT_DATE, 'YYYYMMDD')||'-'||LPAD(TO_CHAR(MENU_OD_ID_SEQ.NEXTVAL), 6, '0'),'g1',SYSDATE,TO_DATE('2019-04-15 18:00:00', 'YYYY-MM-DD HH24:MI:SS'),'C00001','C00020','M00002');

INSERT INTO MENU_ORDER (MENU_OD_ID,MENU_OD_STATUS,MENU_OD_START,MENU_OD_BOOK,CUST_ID,CHEF_ID,MENU_ID) 
VALUES ('MU'||TO_CHAR(CURRENT_DATE, 'YYYYMMDD')||'-'||LPAD(TO_CHAR(MENU_OD_ID_SEQ.NEXTVAL), 6, '0'),'g0',SYSDATE,TO_DATE('2019-04-20 12:00:00', 'YYYY-MM-DD HH24:MI:SS'),'C00001','C00020','M00003');

INSERT INTO MENU_ORDER (MENU_OD_ID,MENU_OD_STATUS,MENU_OD_START,MENU_OD_BOOK,CUST_ID,CHEF_ID,MENU_ID) 
VALUES ('MU'||TO_CHAR(CURRENT_DATE, 'YYYYMMDD')||'-'||LPAD(TO_CHAR(MENU_OD_ID_SEQ.NEXTVAL), 6, '0'),'g0',SYSDATE,TO_DATE('2019-04-23 09:00:00', 'YYYY-MM-DD HH24:MI:SS'),'C00001','C00020','M00004');

INSERT INTO MENU_ORDER (MENU_OD_ID,MENU_OD_STATUS,MENU_OD_START,MENU_OD_BOOK,CUST_ID,CHEF_ID,MENU_ID) 
VALUES ('MU'||TO_CHAR(CURRENT_DATE, 'YYYYMMDD')||'-'||LPAD(TO_CHAR(MENU_OD_ID_SEQ.NEXTVAL), 6, '0'),'g0',SYSDATE,TO_DATE('2019-04-25 12:00:00', 'YYYY-MM-DD HH24:MI:SS'),'C00001','C00020','M00001');

INSERT INTO MENU_ORDER (MENU_OD_ID,MENU_OD_STATUS,MENU_OD_START,MENU_OD_BOOK,CUST_ID,CHEF_ID,MENU_ID) 
VALUES ('MU'||TO_CHAR(CURRENT_DATE, 'YYYYMMDD')||'-'||LPAD(TO_CHAR(MENU_OD_ID_SEQ.NEXTVAL), 6, '0'),'g0',SYSDATE,TO_DATE('2019-04-30 18:00:00', 'YYYY-MM-DD HH24:MI:SS'),'C00001','C00020','M00002');


INSERT INTO MENU_ORDER (MENU_OD_ID,MENU_OD_STATUS,MENU_OD_START,MENU_OD_BOOK,CUST_ID,CHEF_ID,MENU_ID) 
VALUES ('MU'||TO_CHAR(CURRENT_DATE, 'YYYYMMDD')||'-'||LPAD(TO_CHAR(MENU_OD_ID_SEQ.NEXTVAL), 6, '0'),'g0',SYSDATE,TO_DATE('2019-04-10 12:00:00', 'YYYY-MM-DD HH24:MI:SS'),'C00001','C00022','M00001');

INSERT INTO MENU_ORDER (MENU_OD_ID,MENU_OD_STATUS,MENU_OD_START,MENU_OD_BOOK,CUST_ID,CHEF_ID,MENU_ID) 
VALUES ('MU'||TO_CHAR(CURRENT_DATE, 'YYYYMMDD')||'-'||LPAD(TO_CHAR(MENU_OD_ID_SEQ.NEXTVAL), 6, '0'),'g0',SYSDATE,TO_DATE('2019-04-15 18:00:00', 'YYYY-MM-DD HH24:MI:SS'),'C00001','C00022','M00002');

INSERT INTO MENU_ORDER (MENU_OD_ID,MENU_OD_STATUS,MENU_OD_START,MENU_OD_BOOK,CUST_ID,CHEF_ID,MENU_ID) 
VALUES ('MU'||TO_CHAR(CURRENT_DATE, 'YYYYMMDD')||'-'||LPAD(TO_CHAR(MENU_OD_ID_SEQ.NEXTVAL), 6, '0'),'g0',SYSDATE,TO_DATE('2019-04-20 12:00:00', 'YYYY-MM-DD HH24:MI:SS'),'C00001','C00022','M00003');

INSERT INTO MENU_ORDER (MENU_OD_ID,MENU_OD_STATUS,MENU_OD_START,MENU_OD_BOOK,CUST_ID,CHEF_ID,MENU_ID) 
VALUES ('MU'||TO_CHAR(CURRENT_DATE, 'YYYYMMDD')||'-'||LPAD(TO_CHAR(MENU_OD_ID_SEQ.NEXTVAL), 6, '0'),'g1',SYSDATE,TO_DATE('2019-04-23 09:00:00', 'YYYY-MM-DD HH24:MI:SS'),'C00001','C00022','M00004');

INSERT INTO MENU_ORDER (MENU_OD_ID,MENU_OD_STATUS,MENU_OD_START,MENU_OD_BOOK,CUST_ID,CHEF_ID,MENU_ID) 
VALUES ('MU'||TO_CHAR(CURRENT_DATE, 'YYYYMMDD')||'-'||LPAD(TO_CHAR(MENU_OD_ID_SEQ.NEXTVAL), 6, '0'),'g0',SYSDATE,TO_DATE('2019-04-25 12:00:00', 'YYYY-MM-DD HH24:MI:SS'),'C00001','C00022','M00001');

INSERT INTO MENU_ORDER (MENU_OD_ID,MENU_OD_STATUS,MENU_OD_START,MENU_OD_BOOK,CUST_ID,CHEF_ID,MENU_ID) 
VALUES ('MU'||TO_CHAR(CURRENT_DATE, 'YYYYMMDD')||'-'||LPAD(TO_CHAR(MENU_OD_ID_SEQ.NEXTVAL), 6, '0'),'g0',SYSDATE,TO_DATE('2019-04-30 18:00:00', 'YYYY-MM-DD HH24:MI:SS'),'C00001','C00022','M00002');


INSERT INTO MENU_ORDER (MENU_OD_ID,MENU_OD_STATUS,MENU_OD_START,MENU_OD_BOOK,CUST_ID,CHEF_ID,MENU_ID) 
VALUES ('MU'||TO_CHAR(CURRENT_DATE, 'YYYYMMDD')||'-'||LPAD(TO_CHAR(MENU_OD_ID_SEQ.NEXTVAL), 6, '0'),'g0',SYSDATE,TO_DATE('2019-04-10 12:00:00', 'YYYY-MM-DD HH24:MI:SS'),'C00001','C00024','M00001');

INSERT INTO MENU_ORDER (MENU_OD_ID,MENU_OD_STATUS,MENU_OD_START,MENU_OD_BOOK,CUST_ID,CHEF_ID,MENU_ID) 
VALUES ('MU'||TO_CHAR(CURRENT_DATE, 'YYYYMMDD')||'-'||LPAD(TO_CHAR(MENU_OD_ID_SEQ.NEXTVAL), 6, '0'),'g0',SYSDATE,TO_DATE('2019-04-15 18:00:00', 'YYYY-MM-DD HH24:MI:SS'),'C00001','C00024','M00002');

INSERT INTO MENU_ORDER (MENU_OD_ID,MENU_OD_STATUS,MENU_OD_START,MENU_OD_BOOK,CUST_ID,CHEF_ID,MENU_ID) 
VALUES ('MU'||TO_CHAR(CURRENT_DATE, 'YYYYMMDD')||'-'||LPAD(TO_CHAR(MENU_OD_ID_SEQ.NEXTVAL), 6, '0'),'g0',SYSDATE,TO_DATE('2019-04-20 12:00:00', 'YYYY-MM-DD HH24:MI:SS'),'C00001','C00024','M00003');

INSERT INTO MENU_ORDER (MENU_OD_ID,MENU_OD_STATUS,MENU_OD_START,MENU_OD_BOOK,CUST_ID,CHEF_ID,MENU_ID) 
VALUES ('MU'||TO_CHAR(CURRENT_DATE, 'YYYYMMDD')||'-'||LPAD(TO_CHAR(MENU_OD_ID_SEQ.NEXTVAL), 6, '0'),'g0',SYSDATE,TO_DATE('2019-04-23 09:00:00', 'YYYY-MM-DD HH24:MI:SS'),'C00001','C00024','M00004');

INSERT INTO MENU_ORDER (MENU_OD_ID,MENU_OD_STATUS,MENU_OD_START,MENU_OD_BOOK,CUST_ID,CHEF_ID,MENU_ID) 
VALUES ('MU'||TO_CHAR(CURRENT_DATE, 'YYYYMMDD')||'-'||LPAD(TO_CHAR(MENU_OD_ID_SEQ.NEXTVAL), 6, '0'),'g1',SYSDATE,TO_DATE('2019-04-25 12:00:00', 'YYYY-MM-DD HH24:MI:SS'),'C00001','C00024','M00001');

INSERT INTO MENU_ORDER (MENU_OD_ID,MENU_OD_STATUS,MENU_OD_START,MENU_OD_BOOK,CUST_ID,CHEF_ID,MENU_ID) 
VALUES ('MU'||TO_CHAR(CURRENT_DATE, 'YYYYMMDD')||'-'||LPAD(TO_CHAR(MENU_OD_ID_SEQ.NEXTVAL), 6, '0'),'g0',SYSDATE,TO_DATE('2019-04-30 18:00:00', 'YYYY-MM-DD HH24:MI:SS'),'C00001','C00024','M00002');


INSERT INTO MENU_ORDER (MENU_OD_ID,MENU_OD_STATUS,MENU_OD_START,MENU_OD_BOOK,CUST_ID,CHEF_ID,MENU_ID) 
VALUES ('MU'||TO_CHAR(CURRENT_DATE, 'YYYYMMDD')||'-'||LPAD(TO_CHAR(MENU_OD_ID_SEQ.NEXTVAL), 6, '0'),'g0',SYSDATE,TO_DATE('2019-04-10 12:00:00', 'YYYY-MM-DD HH24:MI:SS'),'C00001','C00026','M00001');

INSERT INTO MENU_ORDER (MENU_OD_ID,MENU_OD_STATUS,MENU_OD_START,MENU_OD_BOOK,CUST_ID,CHEF_ID,MENU_ID) 
VALUES ('MU'||TO_CHAR(CURRENT_DATE, 'YYYYMMDD')||'-'||LPAD(TO_CHAR(MENU_OD_ID_SEQ.NEXTVAL), 6, '0'),'g2',SYSDATE,TO_DATE('2019-04-15 18:00:00', 'YYYY-MM-DD HH24:MI:SS'),'C00001','C00026','M00002');

INSERT INTO MENU_ORDER (MENU_OD_ID,MENU_OD_STATUS,MENU_OD_START,MENU_OD_BOOK,CUST_ID,CHEF_ID,MENU_ID) 
VALUES ('MU'||TO_CHAR(CURRENT_DATE, 'YYYYMMDD')||'-'||LPAD(TO_CHAR(MENU_OD_ID_SEQ.NEXTVAL), 6, '0'),'g0',SYSDATE,TO_DATE('2019-04-20 12:00:00', 'YYYY-MM-DD HH24:MI:SS'),'C00001','C00026','M00003');

INSERT INTO MENU_ORDER (MENU_OD_ID,MENU_OD_STATUS,MENU_OD_START,MENU_OD_BOOK,CUST_ID,CHEF_ID,MENU_ID) 
VALUES ('MU'||TO_CHAR(CURRENT_DATE, 'YYYYMMDD')||'-'||LPAD(TO_CHAR(MENU_OD_ID_SEQ.NEXTVAL), 6, '0'),'g0',SYSDATE,TO_DATE('2019-04-23 09:00:00', 'YYYY-MM-DD HH24:MI:SS'),'C00001','C00026','M00004');

INSERT INTO MENU_ORDER (MENU_OD_ID,MENU_OD_STATUS,MENU_OD_START,MENU_OD_BOOK,CUST_ID,CHEF_ID,MENU_ID) 
VALUES ('MU'||TO_CHAR(CURRENT_DATE, 'YYYYMMDD')||'-'||LPAD(TO_CHAR(MENU_OD_ID_SEQ.NEXTVAL), 6, '0'),'g1',SYSDATE,TO_DATE('2019-04-25 12:00:00', 'YYYY-MM-DD HH24:MI:SS'),'C00001','C00026','M00001');

INSERT INTO MENU_ORDER (MENU_OD_ID,MENU_OD_STATUS,MENU_OD_START,MENU_OD_BOOK,CUST_ID,CHEF_ID,MENU_ID) 
VALUES ('MU'||TO_CHAR(CURRENT_DATE, 'YYYYMMDD')||'-'||LPAD(TO_CHAR(MENU_OD_ID_SEQ.NEXTVAL), 6, '0'),'g0',SYSDATE,TO_DATE('2019-04-30 18:00:00', 'YYYY-MM-DD HH24:MI:SS'),'C00001','C00026','M00002');

-----------------------------------------------------------------
commit;